{
  "_fv": 21,
  "_type": "tool",
  "definition": {
    "renderType": 1,
    "texture": "darkemeraldingot",
    "customModelName": "big_huge_hammer:default",
    "name": "Big Huge Hammer",
    "specialInfo": [],
    "creativeTab": {
      "value": "CUSTOM:Darkagereborn"
    },
    "toolType": "MultiTool",
    "harvestLevel": 4,
    "efficiency": 12.0,
    "attackSpeed": 0.6,
    "enchantability": 18,
    "damageVsEntity": 15.0,
    "usageCount": 1500,
    "blocksAffected": [],
    "hasGlow": false,
    "repairItems": [
      {
        "value": "CUSTOM:Shadowoaklogds"
      }
    ],
    "immuneToFire": false,
    "stayInGridWhenCrafting": false,
    "damageOnCrafting": false,
    "onBlockDestroyedWithTool": {
      "name": "BigHugeHammerBlockDestroyedWithTool"
    }
  }
}