{
  "_fv": 21,
  "_type": "food",
  "definition": {
    "renderType": 0,
    "texture": "cookdarkbeef",
    "customModelName": "Normal",
    "name": "Raw Dark Beef",
    "rarity": "RARE",
    "specialInfo": [],
    "creativeTab": {
      "value": "CUSTOM:Darkagereborn"
    },
    "stackSize": 64,
    "nutritionalValue": 6,
    "saturation": 0.3,
    "eatingSpeed": 32,
    "resultItem": {
      "value": ""
    },
    "forDogs": true,
    "isAlwaysEdible": false,
    "animation": "eat",
    "hasGlow": false,
    "onEaten": {
      "name": "CookRedDarkBeefFoodEaten"
    }
  }
}