{
  "_fv": 21,
  "_type": "recipe",
  "definition": {
    "recipeType": "Crafting",
    "xpReward": 0.0,
    "cookingTime": 200,
    "recipeRetstackSize": 4,
    "group": "",
    "recipeShapeless": false,
    "recipeSlots": [
      {
        "value": ""
      },
      {
        "value": ""
      },
      {
        "value": ""
      },
      {
        "value": ""
      },
      {
        "value": "CUSTOM:Darkchaosstone"
      },
      {
        "value": "CUSTOM:Darkchaosstone"
      },
      {
        "value": ""
      },
      {
        "value": "CUSTOM:Darkchaosstone"
      },
      {
        "value": "CUSTOM:Darkchaosstone"
      }
    ],
    "recipeReturnStack": {
      "value": "CUSTOM:Darkchaosbrickstone"
    },
    "name": "craft_61",
    "namespace": "mod"
  }
}