{
  "_fv": 21,
  "_type": "recipe",
  "definition": {
    "recipeType": "Crafting",
    "xpReward": 0.0,
    "cookingTime": 200,
    "recipeRetstackSize": 3,
    "group": "",
    "recipeShapeless": false,
    "recipeSlots": [
      {
        "value": ""
      },
      {
        "value": "CUSTOM:Shadowoakplank"
      },
      {
        "value": "CUSTOM:Shadowoakplank"
      },
      {
        "value": ""
      },
      {
        "value": "CUSTOM:Shadowoakplank"
      },
      {
        "value": "CUSTOM:Shadowoakplank"
      },
      {
        "value": ""
      },
      {
        "value": "CUSTOM:Shadowoakplank"
      },
      {
        "value": "CUSTOM:Shadowoakplank"
      }
    ],
    "recipeReturnStack": {
      "value": "CUSTOM:Shadowoakplankdoor"
    },
    "name": "craft_4",
    "namespace": "minecraft"
  }
}