{
  "_fv": 21,
  "_type": "recipe",
  "definition": {
    "recipeType": "Crafting",
    "xpReward": 0.0,
    "cookingTime": 200,
    "recipeRetstackSize": 16,
    "group": "",
    "recipeShapeless": false,
    "recipeSlots": [
      {
        "value": ""
      },
      {
        "value": ""
      },
      {
        "value": ""
      },
      {
        "value": "CUSTOM:Darkglass"
      },
      {
        "value": "CUSTOM:Darkglass"
      },
      {
        "value": "CUSTOM:Darkglass"
      },
      {
        "value": "CUSTOM:Darkglass"
      },
      {
        "value": "CUSTOM:Darkglass"
      },
      {
        "value": "CUSTOM:Darkglass"
      }
    ],
    "recipeReturnStack": {
      "value": "CUSTOM:Darkglasspane"
    },
    "name": "craft_42",
    "namespace": "minecraft"
  }
}