{
  "_fv": 21,
  "_type": "recipe",
  "definition": {
    "recipeType": "Crafting",
    "xpReward": 0.0,
    "cookingTime": 200,
    "recipeRetstackSize": 1,
    "group": "",
    "recipeShapeless": false,
    "recipeSlots": [
      {
        "value": ""
      },
      {
        "value": ""
      },
      {
        "value": ""
      },
      {
        "value": ""
      },
      {
        "value": "CUSTOM:RedDarkLeather"
      },
      {
        "value": "Items.FEATHER"
      },
      {
        "value": ""
      },
      {
        "value": "CUSTOM:RedDarkLeather"
      },
      {
        "value": "Items.BOOK"
      }
    ],
    "recipeReturnStack": {
      "value": "CUSTOM:SummoningBook"
    },
    "name": "craft_78",
    "namespace": "minecraft"
  }
}