{
  "_fv": 21,
  "_type": "recipe",
  "definition": {
    "recipeType": "Crafting",
    "xpReward": 0.0,
    "cookingTime": 200,
    "recipeRetstackSize": 1,
    "group": "",
    "recipeShapeless": false,
    "recipeSlots": [
      {
        "value": "CUSTOM:Darkbcobblestone"
      },
      {
        "value": "CUSTOM:Darkchaoscobblestone"
      },
      {
        "value": "CUSTOM:Darkbcobblestone"
      },
      {
        "value": "CUSTOM:Darkchaoscobblestone"
      },
      {
        "value": ""
      },
      {
        "value": "CUSTOM:Darkchaoscobblestone"
      },
      {
        "value": "CUSTOM:Darkbcobblestone"
      },
      {
        "value": "CUSTOM:Darkchaoscobblestone"
      },
      {
        "value": "CUSTOM:Darkbcobblestone"
      }
    ],
    "recipeReturnStack": {
      "value": "Blocks.FURNACE"
    },
    "name": "craft_63",
    "namespace": "mod"
  }
}