{
  "_fv": 21,
  "_type": "tool",
  "definition": {
    "renderType": 0,
    "texture": "darkemerald_hoe",
    "customModelName": "Normal",
    "name": "Dark Emerald Hoe",
    "specialInfo": [],
    "creativeTab": {
      "value": "CUSTOM:Darkagereborn"
    },
    "toolType": "Hoe",
    "harvestLevel": 4,
    "efficiency": 10.0,
    "attackSpeed": 1.0,
    "enchantability": 16,
    "damageVsEntity": 2.0,
    "usageCount": 2308,
    "blocksAffected": [],
    "hasGlow": false,
    "repairItems": [
      {
        "value": "CUSTOM:DarkEmeraldingot"
      }
    ],
    "immuneToFire": false,
    "stayInGridWhenCrafting": false,
    "damageOnCrafting": false
  }
}