{
  "_fv": 21,
  "_type": "recipe",
  "definition": {
    "recipeType": "Smithing",
    "xpReward": 0.0,
    "cookingTime": 200,
    "recipeRetstackSize": 1,
    "group": "",
    "recipeShapeless": false,
    "smithingInputStack": {
      "value": "CUSTOM:DarkEmeraldarmorArmor.body"
    },
    "smithingInputAdditionStack": {
      "value": "CUSTOM:Darkgolddiamond"
    },
    "smithingReturnStack": {
      "value": "CUSTOM:Darkgolddiamondarmor.body"
    },
    "name": "darkgolddiamondarmorbody",
    "namespace": "mod"
  }
}