{
  "_fv": 21,
  "_type": "tool",
  "definition": {
    "renderType": 0,
    "texture": "darkgolddiamondshadovel",
    "customModelName": "Normal",
    "name": "Dark gold diamond shovel",
    "specialInfo": [],
    "creativeTab": {
      "value": "CUSTOM:Darkagereborn"
    },
    "toolType": "Spade",
    "harvestLevel": 5,
    "efficiency": 11.0,
    "attackSpeed": 1.0,
    "enchantability": 17,
    "damageVsEntity": 5.0,
    "usageCount": 2697,
    "blocksAffected": [],
    "hasGlow": false,
    "repairItems": [
      {
        "value": "CUSTOM:Darkgolddiamond"
      }
    ],
    "immuneToFire": true,
    "stayInGridWhenCrafting": false,
    "damageOnCrafting": false,
    "onBlockDestroyedWithTool": {
      "name": "DarkgolddiamondshovelBlockDestroyedWithTool"
    }
  }
}