{
  "_fv": 21,
  "_type": "tool",
  "definition": {
    "renderType": 0,
    "texture": "darkseamattertool_hoe",
    "customModelName": "Normal",
    "name": "Dark sea matter Hoe",
    "specialInfo": [],
    "creativeTab": {
      "value": "CUSTOM:Darkagereborn"
    },
    "toolType": "Hoe",
    "harvestLevel": 6,
    "efficiency": 12.0,
    "attackSpeed": 1.0,
    "enchantability": 17,
    "damageVsEntity": 3.0,
    "usageCount": 3222,
    "blocksAffected": [],
    "hasGlow": false,
    "repairItems": [
      {
        "value": "CUSTOM:Darkseamatter"
      }
    ],
    "immuneToFire": true,
    "stayInGridWhenCrafting": false,
    "damageOnCrafting": false,
    "onRightClickedOnBlock": {
      "name": "DarkseamattertoolHoeRightClickedOnBlock"
    }
  }
}