{
  "_fv": 21,
  "_type": "mob",
  "definition": {
    "mobName": "Dark Cow",
    "mobLabel": "",
    "mobModelName": "Cow",
    "mobModelTexture": "dark_cow.png",
    "mobModelGlowTexture": "",
    "modelWidth": 0.9,
    "modelHeight": 1.4,
    "modelShadowSize": 0.5,
    "mountedYOffset": 0.0,
    "hasSpawnEgg": true,
    "spawnEggBaseColor": {
      "value": -14415864,
      "falpha": 0.0
    },
    "spawnEggDotColor": {
      "value": -7708833,
      "falpha": 0.0
    },
    "creativeTab": {
      "value": "CUSTOM:Darkagereborn"
    },
    "isBoss": false,
    "bossBarColor": "PINK",
    "bossBarType": "PROGRESS",
    "equipmentMainHand": {
      "value": ""
    },
    "equipmentOffHand": {
      "value": ""
    },
    "equipmentHelmet": {
      "value": ""
    },
    "equipmentBody": {
      "value": ""
    },
    "equipmentLeggings": {
      "value": ""
    },
    "equipmentBoots": {
      "value": ""
    },
    "mobBehaviourType": "Creature",
    "mobCreatureType": "UNDEFINED",
    "attackStrength": 3,
    "attackKnockback": 0.0,
    "knockbackResistance": 0.0,
    "movementSpeed": 0.4,
    "armorBaseValue": 0.0,
    "trackingRange": 64,
    "health": 40,
    "xpAmount": 0,
    "waterMob": false,
    "flyingMob": false,
    "guiBoundTo": "<NONE>",
    "inventorySize": 9,
    "inventoryStackSize": 64,
    "disableCollisions": false,
    "ridable": false,
    "canControlForward": false,
    "canControlStrafe": false,
    "immuneToFire": true,
    "immuneToArrows": false,
    "immuneToFallDamage": false,
    "immuneToCactus": false,
    "immuneToDrowning": false,
    "immuneToLightning": false,
    "immuneToPotions": false,
    "immuneToPlayer": false,
    "immuneToExplosion": false,
    "immuneToTrident": false,
    "immuneToAnvil": false,
    "immuneToWither": false,
    "immuneToDragonBreath": false,
    "mobDrop": {
      "value": ""
    },
    "livingSound": {
      "value": ""
    },
    "hurtSound": {
      "value": "entity.generic.hurt"
    },
    "deathSound": {
      "value": "entity.generic.death"
    },
    "stepSound": {
      "value": ""
    },
    "spawnParticles": false,
    "particleToSpawn": {
      "value": "CUSTOM:Dustoflight"
    },
    "particleSpawningShape": "Spread",
    "particleSpawningRadious": 0.5,
    "particleAmount": 4,
    "whenMobDies": {
      "name": "DarkCowEntityDies"
    },
    "hasAI": true,
    "aiBase": "(none)",
    "aixml": "<xml xmlns=\"https://developers.google.com/blockly/xml\"><block type=\"aitasks_container\" deletable=\"false\" x=\"40\" y=\"40\"><next><block type=\"wander\"><field name=\"speed\">1</field><field name=\"condition\">null,null</field><next><block type=\"look_around\"><field name=\"condition\">null,null</field><next><block type=\"eat_grass\"><field name=\"condition\">null,null</field><next><block type=\"panic_when_attacked\"><field name=\"speed\">1</field><field name=\"condition\">null,null</field><next><block type=\"follow_item_in_hands\"><field name=\"speed\">1</field><field name=\"scared\">FALSE</field><field name=\"condition\">null,null</field><value name=\"item\"><block type=\"mcitem_all\"><field name=\"value\">Items.WHEAT</field></block></value><next><block type=\"follow_item_in_hands\"><field name=\"speed\">1</field><field name=\"scared\">TRUE</field><field name=\"condition\">null,null</field><value name=\"item\"><block type=\"mcitem_all\"><field name=\"value\">CUSTOM:DarkEmeraldAxe</field></block></value><next><block type=\"follow_item_in_hands\"><field name=\"speed\">1</field><field name=\"scared\">TRUE</field><field name=\"condition\">null,null</field><value name=\"item\"><block type=\"mcitem_all\"><field name=\"value\">CUSTOM:DarkEmeraldSword</field></block></value><next><block type=\"follow_item_in_hands\"><field name=\"speed\">1</field><field name=\"scared\">TRUE</field><field name=\"condition\">null,null</field><value name=\"item\"><block type=\"mcitem_all\"><field name=\"value\">CUSTOM:Darkgolddiamondaxe</field></block></value><next><block type=\"follow_item_in_hands\"><field name=\"speed\">1</field><field name=\"scared\">TRUE</field><field name=\"condition\">null,null</field><value name=\"item\"><block type=\"mcitem_all\"><field name=\"value\">CUSTOM:Darkgolddiamondsword</field></block></value><next><block type=\"follow_item_in_hands\"><field name=\"speed\">1</field><field name=\"scared\">TRUE</field><field name=\"condition\">null,null</field><value name=\"item\"><block type=\"mcitem_all\"><field name=\"value\">Items.WOODEN_SWORD</field></block></value><next><block type=\"follow_item_in_hands\"><field name=\"speed\">1</field><field name=\"scared\">TRUE</field><field name=\"condition\">null,null</field><value name=\"item\"><block type=\"mcitem_all\"><field name=\"value\">Items.WOODEN_AXE</field></block></value><next><block type=\"follow_item_in_hands\"><field name=\"speed\">1</field><field name=\"scared\">TRUE</field><field name=\"condition\">null,null</field><value name=\"item\"><block type=\"mcitem_all\"><field name=\"value\">Items.STONE_AXE</field></block></value><next><block type=\"follow_item_in_hands\"><field name=\"speed\">1</field><field name=\"scared\">TRUE</field><field name=\"condition\">null,null</field><value name=\"item\"><block type=\"mcitem_all\"><field name=\"value\">Items.STONE_SWORD</field></block></value><next><block type=\"follow_item_in_hands\"><field name=\"speed\">1</field><field name=\"scared\">TRUE</field><field name=\"condition\">null,null</field><value name=\"item\"><block type=\"mcitem_all\"><field name=\"value\">Items.IRON_AXE</field></block></value><next><block type=\"follow_item_in_hands\"><field name=\"speed\">1</field><field name=\"scared\">TRUE</field><field name=\"condition\">null,null</field><value name=\"item\"><block type=\"mcitem_all\"><field name=\"value\">Items.IRON_SWORD</field></block></value><next><block type=\"follow_item_in_hands\"><field name=\"speed\">1</field><field name=\"scared\">TRUE</field><field name=\"condition\">null,null</field><value name=\"item\"><block type=\"mcitem_all\"><field name=\"value\">Items.GOLDEN_SWORD</field></block></value><next><block type=\"follow_item_in_hands\"><field name=\"speed\">1</field><field name=\"scared\">TRUE</field><field name=\"condition\">null,null</field><value name=\"item\"><block type=\"mcitem_all\"><field name=\"value\">Items.GOLDEN_AXE</field></block></value><next><block type=\"follow_item_in_hands\"><field name=\"speed\">1</field><field name=\"scared\">TRUE</field><field name=\"condition\">null,null</field><value name=\"item\"><block type=\"mcitem_all\"><field name=\"value\">Items.DIAMOND_SWORD</field></block></value><next><block type=\"follow_item_in_hands\"><field name=\"speed\">1</field><field name=\"scared\">TRUE</field><field name=\"condition\">null,null</field><value name=\"item\"><block type=\"mcitem_all\"><field name=\"value\">Items.DIAMOND_AXE</field></block></value><next><block type=\"follow_item_in_hands\"><field name=\"speed\">1</field><field name=\"scared\">TRUE</field><field name=\"condition\">null,null</field><value name=\"item\"><block type=\"mcitem_all\"><field name=\"value\">Items.NETHERITE_SWORD</field></block></value><next><block type=\"follow_item_in_hands\"><field name=\"speed\">1</field><field name=\"scared\">TRUE</field><field name=\"condition\">null,null</field><value name=\"item\"><block type=\"mcitem_all\"><field name=\"value\">Items.TRIDENT</field></block></value><next><block type=\"follow_item_in_hands\"><field name=\"speed\">1</field><field name=\"scared\">TRUE</field><field name=\"condition\">null,null</field><value name=\"item\"><block type=\"mcitem_all\"><field name=\"value\">Items.NETHERITE_AXE</field></block></value><next><block type=\"watch_closest_entity\"><field name=\"radius\">35</field><field name=\"entity\">EntityPlayer</field><field name=\"condition\">null,null</field></block></next></block></next></block></next></block></next></block></next></block></next></block></next></block></next></block></next></block></next></block></next></block></next></block></next></block></next></block></next></block></next></block></next></block></next></block></next></block></next></block></next></block></next></block></next></block></xml>",
    "breedable": true,
    "tameable": false,
    "breedTriggerItems": [
      {
        "value": "Items.WHEAT"
      }
    ],
    "ranged": false,
    "rangedAttackItem": {
      "value": ""
    },
    "rangedItemType": "Default item",
    "spawnThisMob": true,
    "doesDespawnWhenIdle": true,
    "spawningProbability": 1,
    "mobSpawningType": "monster",
    "minNumberOfMobsPerGroup": 1,
    "maxNumberOfMobsPerGroup": 4,
    "restrictionBiomes": [
      {
        "value": "CUSTOM:Shadowbiome"
      }
    ],
    "spawnInDungeons": false
  }
}