{
  "_fv": 21,
  "_type": "food",
  "definition": {
    "renderType": 0,
    "texture": "darkapple",
    "customModelName": "Normal",
    "name": "Dark apple",
    "rarity": "COMMON",
    "specialInfo": [],
    "creativeTab": {
      "value": "CUSTOM:Darkagereborn"
    },
    "stackSize": 64,
    "nutritionalValue": 3,
    "saturation": 0.19999999999999998,
    "eatingSpeed": 32,
    "resultItem": {
      "value": ""
    },
    "forDogs": false,
    "isAlwaysEdible": false,
    "animation": "eat",
    "hasGlow": false,
    "onEaten": {
      "name": "DarkappleFoodEaten"
    }
  }
}