{
  "_fv": 21,
  "_type": "tool",
  "definition": {
    "renderType": 0,
    "texture": "darkgolddiamondaxe",
    "customModelName": "Normal",
    "name": "Dark gold diamond axe",
    "specialInfo": [],
    "creativeTab": {
      "value": "CUSTOM:Darkagereborn"
    },
    "toolType": "Axe",
    "harvestLevel": 5,
    "efficiency": 11.0,
    "attackSpeed": 0.8,
    "enchantability": 17,
    "damageVsEntity": 13.0,
    "usageCount": 2706,
    "blocksAffected": [],
    "hasGlow": false,
    "repairItems": [
      {
        "value": "CUSTOM:Darkgolddiamondaxe"
      }
    ],
    "immuneToFire": true,
    "stayInGridWhenCrafting": false,
    "damageOnCrafting": false,
    "onBlockDestroyedWithTool": {
      "name": "DarkgolddiamondaxeBlockDestroyedWithTool"
    }
  }
}