{
  "_fv": 21,
  "_type": "tool",
  "definition": {
    "renderType": 0,
    "texture": "darkseamattertool_axe",
    "customModelName": "Normal",
    "name": "Dark sea matter Axe",
    "specialInfo": [],
    "creativeTab": {
      "value": "CUSTOM:Darkagereborn"
    },
    "toolType": "Axe",
    "harvestLevel": 6,
    "efficiency": 12.0,
    "attackSpeed": 0.8,
    "enchantability": 17,
    "damageVsEntity": 14.0,
    "usageCount": 3242,
    "blocksAffected": [],
    "hasGlow": false,
    "repairItems": [
      {
        "value": "CUSTOM:Darkseamatter"
      }
    ],
    "immuneToFire": true,
    "stayInGridWhenCrafting": false,
    "damageOnCrafting": false,
    "onBlockDestroyedWithTool": {
      "name": "DarkseamattertoolAxeBlockDestroyedWithTool"
    }
  }
}