{
  "_fv": 21,
  "_type": "tool",
  "definition": {
    "renderType": 0,
    "texture": "darkseamattertool_pickaxe",
    "customModelName": "Normal",
    "name": "Dark sea matter Pickaxe",
    "specialInfo": [],
    "creativeTab": {
      "value": "CUSTOM:Darkagereborn"
    },
    "toolType": "Pickaxe",
    "harvestLevel": 5,
    "efficiency": 12.0,
    "attackSpeed": 1.0,
    "enchantability": 18,
    "damageVsEntity": 7.0,
    "usageCount": 3415,
    "blocksAffected": [],
    "hasGlow": false,
    "repairItems": [
      {
        "value": "CUSTOM:Darkseamatter"
      }
    ],
    "immuneToFire": true,
    "stayInGridWhenCrafting": false,
    "damageOnCrafting": false,
    "onBlockDestroyedWithTool": {
      "name": "DarkseamattertoolPickaxeBlockDestroyedWithTool"
    }
  }
}