{
  "_fv": 21,
  "_type": "tool",
  "definition": {
    "renderType": 0,
    "texture": "darkemerald_pickaxe",
    "customModelName": "Normal",
    "name": "Dark Emerald Pickaxe",
    "specialInfo": [],
    "creativeTab": {
      "value": "CUSTOM:Darkagereborn"
    },
    "toolType": "Pickaxe",
    "harvestLevel": 4,
    "efficiency": 10.0,
    "attackSpeed": 1.0,
    "enchantability": 16,
    "damageVsEntity": 5.0,
    "usageCount": 2302,
    "blocksAffected": [],
    "hasGlow": false,
    "repairItems": [
      {
        "value": "CUSTOM:DarkEmeraldingot"
      }
    ],
    "immuneToFire": true,
    "stayInGridWhenCrafting": false,
    "damageOnCrafting": false
  }
}