{
  "_fv": 21,
  "_type": "armor",
  "definition": {
    "enableHelmet": true,
    "textureHelmet": "darkseamatterarmor_head",
    "enableBody": true,
    "textureBody": "darkseamatterarmor_body",
    "enableLeggings": true,
    "textureLeggings": "darkseamatterarmor_leggings",
    "enableBoots": true,
    "textureBoots": "darkseamatterarmor_boots",
    "onHelmetTick": {
      "name": "DarkseamatterarmorArmorHelmetTickEvent"
    },
    "onBodyTick": {
      "name": "DarkseamatterarmorArmorHelmetTickEvent"
    },
    "onLeggingsTick": {
      "name": "DarkseamatterarmorArmorHelmetTickEvent"
    },
    "onBootsTick": {
      "name": "DarkseamatterarmorArmorHelmetTickEvent"
    },
    "creativeTab": {
      "value": "CUSTOM:Darkagereborn"
    },
    "armorTextureFile": "darkseamatterarmor",
    "helmetName": "Darkseamatterarmor Helmet",
    "bodyName": "Darkseamatterarmor Chestplate",
    "leggingsName": "Darkseamatterarmor Leggings",
    "bootsName": "Dark sea matter armor Boots",
    "helmetSpecialInfo": [],
    "bodySpecialInfo": [],
    "leggingsSpecialInfo": [],
    "bootsSpecialInfo": [],
    "helmetModelName": "Default",
    "helmetModelPart": "Helmet",
    "helmetModelTexture": "From armor",
    "bodyModelName": "Default",
    "bodyModelPart": "Body",
    "armsModelPartL": "Arms L",
    "armsModelPartR": "Arms R",
    "bodyModelTexture": "From armor",
    "leggingsModelName": "Default",
    "leggingsModelPartL": "Leggings L",
    "leggingsModelPartR": "Leggings R",
    "leggingsModelTexture": "From armor",
    "bootsModelName": "Default",
    "bootsModelPartL": "Boots L",
    "bootsModelPartR": "Boots R",
    "bootsModelTexture": "From armor",
    "maxDamage": 10,
    "damageValueHelmet": 7,
    "damageValueBody": 14,
    "damageValueLeggings": 17,
    "damageValueBoots": 7,
    "enchantability": 27,
    "toughness": 0.5,
    "knockbackResistance": 1.5,
    "equipSound": {
      "value": ""
    },
    "repairItems": [
      {
        "value": "CUSTOM:Darkseamatter"
      }
    ]
  }
}