{
  "_fv": 21,
  "_type": "tool",
  "definition": {
    "renderType": 0,
    "texture": "darkseamattertool_shovel",
    "customModelName": "Normal",
    "name": "Dark sea matter Shovel",
    "specialInfo": [],
    "creativeTab": {
      "value": "CUSTOM:Darkagereborn"
    },
    "toolType": "Spade",
    "harvestLevel": 6,
    "efficiency": 12.0,
    "attackSpeed": 1.0,
    "enchantability": 17,
    "damageVsEntity": 6.0,
    "usageCount": 3233,
    "blocksAffected": [],
    "hasGlow": false,
    "repairItems": [
      {
        "value": "CUSTOM:Darkseamatter"
      }
    ],
    "immuneToFire": true,
    "stayInGridWhenCrafting": false,
    "damageOnCrafting": false,
    "onBlockDestroyedWithTool": {
      "name": "DarkseamattertoolShovelBlockDestroyedWithTool"
    }
  }
}