{
  "_fv": 21,
  "_type": "tool",
  "definition": {
    "renderType": 0,
    "texture": "darkgolddiamondhoe",
    "customModelName": "Normal",
    "name": "Dark gold diamond hoe",
    "specialInfo": [],
    "creativeTab": {
      "value": "CUSTOM:Darkagereborn"
    },
    "toolType": "Hoe",
    "harvestLevel": 1,
    "efficiency": 11.0,
    "attackSpeed": 1.0,
    "enchantability": 17,
    "damageVsEntity": 2.5,
    "usageCount": 2701,
    "blocksAffected": [],
    "hasGlow": false,
    "repairItems": [
      {
        "value": "CUSTOM:Darkgolddiamond"
      }
    ],
    "immuneToFire": true,
    "stayInGridWhenCrafting": false,
    "damageOnCrafting": false,
    "onRightClickedOnBlock": {
      "name": "DarkgolddiamondhoeRightClickedOnBlock"
    }
  }
}