{
  "_fv": 21,
  "_type": "tool",
  "definition": {
    "renderType": 0,
    "texture": "darkgolddiamondpickaxe",
    "customModelName": "Normal",
    "name": "Dark gold diamond pickaxe",
    "specialInfo": [],
    "creativeTab": {
      "value": "CUSTOM:Darkagereborn"
    },
    "toolType": "Pickaxe",
    "harvestLevel": 5,
    "efficiency": 11.0,
    "attackSpeed": 1.0,
    "enchantability": 17,
    "damageVsEntity": 6.0,
    "usageCount": 2715,
    "blocksAffected": [],
    "hasGlow": false,
    "repairItems": [
      {
        "value": "CUSTOM:Darkgolddiamond"
      }
    ],
    "immuneToFire": true,
    "stayInGridWhenCrafting": false,
    "damageOnCrafting": false,
    "onBlockDestroyedWithTool": {
      "name": "DarkgolddiamondpickaxeBlockDestroyedWithTool"
    }
  }
}