{
  "_fv": 21,
  "_type": "armor",
  "definition": {
    "enableHelmet": true,
    "textureHelmet": "darkgolddiamondarmorhead",
    "enableBody": true,
    "textureBody": "darkgolddiamondarmorbody",
    "enableLeggings": true,
    "textureLeggings": "darkgolddiamondleggings",
    "enableBoots": true,
    "textureBoots": "darkgolddiamondarmorboots",
    "creativeTab": {
      "value": "CUSTOM:Darkagereborn"
    },
    "armorTextureFile": "darkgolddiamondarmor",
    "helmetName": "Dark gold diamond armor Helmet",
    "bodyName": "Dark gold diamond armor Body",
    "leggingsName": "Dark gold diamond armor Leggings",
    "bootsName": "Dark gold diamond armor Boots",
    "helmetSpecialInfo": [],
    "bodySpecialInfo": [],
    "leggingsSpecialInfo": [],
    "bootsSpecialInfo": [],
    "helmetModelName": "Default",
    "helmetModelPart": "Helmet",
    "helmetModelTexture": "From armor",
    "bodyModelName": "Default",
    "bodyModelPart": "Body",
    "armsModelPartL": "Arms L",
    "armsModelPartR": "Arms R",
    "bodyModelTexture": "From armor",
    "leggingsModelName": "Default",
    "leggingsModelPartL": "Leggings L",
    "leggingsModelPartR": "Leggings R",
    "leggingsModelTexture": "From armor",
    "bootsModelName": "Default",
    "bootsModelPartL": "Boots L",
    "bootsModelPartR": "Boots R",
    "bootsModelTexture": "From armor",
    "maxDamage": 9,
    "damageValueHelmet": 6,
    "damageValueBody": 13,
    "damageValueLeggings": 15,
    "damageValueBoots": 5,
    "enchantability": 17,
    "toughness": 0.4,
    "knockbackResistance": 0.4,
    "equipSound": {
      "value": ""
    },
    "repairItems": [
      {
        "value": "CUSTOM:Darkgolddiamond"
      }
    ]
  }
}