{
  "_fv": 21,
  "_type": "armor",
  "definition": {
    "enableHelmet": true,
    "textureHelmet": "darkemeraldarmor_head",
    "enableBody": true,
    "textureBody": "darkemeraldarmor_body",
    "enableLeggings": true,
    "textureLeggings": "darkemeraldarmor_leggings",
    "enableBoots": true,
    "textureBoots": "darkemeraldarmor_boots",
    "creativeTab": {
      "value": "CUSTOM:Darkagereborn"
    },
    "armorTextureFile": "darkemeraldarmor",
    "helmetName": "Dark Emerald armor Helmet",
    "bodyName": "Dark Emerald armor Chestplate",
    "leggingsName": "Dark Emeral darmor Leggings",
    "bootsName": "Dark Emerald armor Boots",
    "helmetSpecialInfo": [],
    "bodySpecialInfo": [],
    "leggingsSpecialInfo": [],
    "bootsSpecialInfo": [],
    "helmetModelName": "Default",
    "helmetModelPart": "Helmet",
    "helmetModelTexture": "From armor",
    "bodyModelName": "Default",
    "bodyModelPart": "Body",
    "armsModelPartL": "Arms L",
    "armsModelPartR": "Arms R",
    "bodyModelTexture": "From armor",
    "leggingsModelName": "Default",
    "leggingsModelPartL": "Leggings L",
    "leggingsModelPartR": "Leggings R",
    "leggingsModelTexture": "From armor",
    "bootsModelName": "Default",
    "bootsModelPartL": "Boots L",
    "bootsModelPartR": "Boots R",
    "bootsModelTexture": "From armor",
    "maxDamage": 9,
    "damageValueHelmet": 5,
    "damageValueBody": 12,
    "damageValueLeggings": 14,
    "damageValueBoots": 5,
    "enchantability": 16,
    "toughness": 0.4,
    "knockbackResistance": 0.4,
    "equipSound": {
      "value": ""
    },
    "repairItems": [
      {
        "value": "CUSTOM:DarkEmeraldingot"
      }
    ]
  }
}