{
  "_fv": 21,
  "_type": "mob",
  "definition": {
    "mobName": "Evil Wolf Girl",
    "mobLabel": "",
    "mobModelName": "Modelcustom_model",
    "mobModelTexture": "char_1.png",
    "mobModelGlowTexture": "",
    "modelWidth": 0.6,
    "modelHeight": 1.8,
    "modelShadowSize": 0.5,
    "mountedYOffset": 0.0,
    "hasSpawnEgg": true,
    "spawnEggBaseColor": {
      "value": -6750055,
      "falpha": 0.0
    },
    "spawnEggDotColor": {
      "value": -52480,
      "falpha": 0.0
    },
    "creativeTab": {
      "value": "CUSTOM:Darkagereborn"
    },
    "isBoss": false,
    "bossBarColor": "PINK",
    "bossBarType": "PROGRESS",
    "equipmentMainHand": {
      "value": "Items.BOW"
    },
    "equipmentOffHand": {
      "value": ""
    },
    "equipmentHelmet": {
      "value": ""
    },
    "equipmentBody": {
      "value": ""
    },
    "equipmentLeggings": {
      "value": ""
    },
    "equipmentBoots": {
      "value": ""
    },
    "mobBehaviourType": "Mob",
    "mobCreatureType": "UNDEFINED",
    "attackStrength": 14,
    "attackKnockback": 1.2000000000000002,
    "knockbackResistance": 0.2,
    "movementSpeed": 0.5,
    "armorBaseValue": 0.0,
    "trackingRange": 64,
    "health": 45,
    "xpAmount": 0,
    "waterMob": false,
    "flyingMob": false,
    "guiBoundTo": "<NONE>",
    "inventorySize": 9,
    "inventoryStackSize": 64,
    "disableCollisions": false,
    "ridable": false,
    "canControlForward": false,
    "canControlStrafe": false,
    "immuneToFire": true,
    "immuneToArrows": false,
    "immuneToFallDamage": false,
    "immuneToCactus": false,
    "immuneToDrowning": true,
    "immuneToLightning": true,
    "immuneToPotions": false,
    "immuneToPlayer": false,
    "immuneToExplosion": false,
    "immuneToTrident": false,
    "immuneToAnvil": false,
    "immuneToWither": true,
    "immuneToDragonBreath": false,
    "mobDrop": {
      "value": ""
    },
    "livingSound": {
      "value": ""
    },
    "hurtSound": {
      "value": "entity.generic.hurt"
    },
    "deathSound": {
      "value": "entity.generic.death"
    },
    "stepSound": {
      "value": ""
    },
    "spawnParticles": true,
    "particleToSpawn": {
      "value": "ENCHANTMENT_TABLE"
    },
    "particleSpawningShape": "Spread",
    "particleSpawningRadious": 0.09999999850988389,
    "particleAmount": 1,
    "whenMobDies": {
      "name": "EvilWolfGirlEntityDies"
    },
    "hasAI": true,
    "aiBase": "(none)",
    "aixml": "<xml xmlns=\"https://developers.google.com/blockly/xml\"><block type=\"aitasks_container\" deletable=\"false\" x=\"40\" y=\"40\"><next><block type=\"attack_on_collide\"><field name=\"speed\">1</field><field name=\"longmemory\">TRUE</field><field name=\"condition\">null,null</field><next><block type=\"wander\"><field name=\"speed\">1</field><field name=\"condition\">null,null</field><next><block type=\"attack_action\"><field name=\"callhelp\">TRUE</field><field name=\"condition\">null,null</field><next><block type=\"look_around\"><field name=\"condition\">null,null</field><next><block type=\"swim_in_water\"><field name=\"condition\">null,null</field><next><block type=\"attack_entity\"><field name=\"insight\">TRUE</field><field name=\"nearby\">TRUE</field><field name=\"entity\">CUSTOM:ShadowFreddy</field><field name=\"condition\">null,null</field><next><block type=\"attack_entity\"><field name=\"insight\">TRUE</field><field name=\"nearby\">TRUE</field><field name=\"entity\">EntityPlayer</field><field name=\"condition\">null,null</field><next><block type=\"attack_entity\"><field name=\"insight\">TRUE</field><field name=\"nearby\">TRUE</field><field name=\"entity\">EntityVillager</field><field name=\"condition\">null,null</field><next><block type=\"avoid_entity\"><field name=\"radius\">50</field><field name=\"farspeed\">1</field><field name=\"nearspeed\">1</field><field name=\"entity\">CUSTOM:ShadowFreddy</field><field name=\"condition\">null,null</field><next><block type=\"avoid_entity\"><field name=\"radius\">50</field><field name=\"farspeed\">1</field><field name=\"nearspeed\">1</field><field name=\"entity\">EntityRavager</field><field name=\"condition\">null,null</field><next><block type=\"avoid_entity\"><field name=\"radius\">50</field><field name=\"farspeed\">1</field><field name=\"nearspeed\">1</field><field name=\"entity\">EntityPlayerMP</field><field name=\"condition\">null,null</field></block></next></block></next></block></next></block></next></block></next></block></next></block></next></block></next></block></next></block></next></block></next></block></xml>",
    "breedable": false,
    "tameable": false,
    "breedTriggerItems": [],
    "ranged": true,
    "rangedAttackItem": {
      "value": "Items.ARROW"
    },
    "rangedItemType": "Default item",
    "spawnThisMob": true,
    "doesDespawnWhenIdle": true,
    "spawningProbability": 3,
    "mobSpawningType": "monster",
    "minNumberOfMobsPerGroup": 1,
    "maxNumberOfMobsPerGroup": 4,
    "restrictionBiomes": [
      {
        "value": "CUSTOM:Shadowbiome"
      }
    ],
    "spawnInDungeons": true
  }
}