{
  "_fv": 21,
  "_type": "food",
  "definition": {
    "renderType": 0,
    "texture": "fullheart",
    "customModelName": "Normal",
    "name": "Full heart",
    "rarity": "COMMON",
    "specialInfo": [],
    "creativeTab": {
      "value": "CUSTOM:Darkagereborn"
    },
    "stackSize": 1,
    "nutritionalValue": 2,
    "saturation": 0.1,
    "eatingSpeed": 32,
    "resultItem": {
      "value": ""
    },
    "forDogs": false,
    "isAlwaysEdible": false,
    "animation": "eat",
    "hasGlow": false,
    "onEaten": {
      "name": "FullheartFoodEaten"
    }
  }
}