{
  "_fv": 21,
  "_type": "plant",
  "definition": {
    "renderType": 13,
    "texture": "goldseedcarrot3",
    "textureBottom": "",
    "customModelName": "Crop model",
    "itemTexture": "",
    "particleTexture": "",
    "tintType": "No tint",
    "isItemTinted": false,
    "plantType": "normal",
    "staticPlantGenerationType": "Flower",
    "growapableSpawnType": "Plains",
    "growapableMaxHeight": 3,
    "doublePlantGenerationType": "Flower",
    "customBoundingBox": false,
    "disableOffset": false,
    "boundingBoxes": [
      {
        "mx": 0.0,
        "my": 0.0,
        "mz": 0.0,
        "Mx": 16.0,
        "My": 16.0,
        "Mz": 16.0,
        "subtract": false
      }
    ],
    "name": "Gold seed carrot 3",
    "specialInfo": [],
    "creativeTab": {
      "value": "No creative tab entry"
    },
    "hardness": 0.0,
    "resistance": 0.0,
    "luminance": 0,
    "unbreakable": false,
    "soundOnStep": {
      "value": "PLANT"
    },
    "useLootTableForDrops": false,
    "customDrop": {
      "value": "CUSTOM:GoldencarrotX"
    },
    "dropAmount": 1,
    "forceTicking": true,
    "emissiveRendering": false,
    "hasTileEntity": false,
    "isReplaceable": false,
    "colorOnMap": "DEFAULT",
    "creativePickItem": {
      "value": ""
    },
    "offsetType": "XZ",
    "aiPathNodeType": "DEFAULT",
    "flammability": 100,
    "fireSpreadSpeed": 60,
    "jumpFactor": 1.0,
    "speedFactor": 1.0,
    "canBePlacedOn": [],
    "frequencyOnChunks": 0,
    "spawnWorldTypes": [
      "Surface"
    ],
    "restrictionBiomes": [],
    "onTickUpdate": {
      "name": "Seedtick3"
    }
  }
}