{
  "_fv": 21,
  "_type": "item",
  "definition": {
    "renderType": 0,
    "texture": "iceblazerod",
    "customModelName": "Normal",
    "name": "Ice blaze rod",
    "rarity": "COMMON",
    "creativeTab": {
      "value": "CUSTOM:Darkagereborn"
    },
    "stackSize": 64,
    "enchantability": 0,
    "useDuration": 0,
    "toolType": 1.0,
    "damageCount": 0,
    "recipeRemainder": {
      "value": ""
    },
    "destroyAnyBlock": false,
    "immuneToFire": false,
    "stayInGridWhenCrafting": false,
    "damageOnCrafting": false,
    "enableMeleeDamage": false,
    "damageVsEntity": 0.0,
    "specialInfo": [],
    "hasGlow": false,
    "guiBoundTo": "<NONE>",
    "inventorySize": 9,
    "inventoryStackSize": 64,
    "onItemInInventoryTick": {
      "name": "IceblazerodItemInInventoryTick"
    },
    "onDroppedByPlayer": {
      "name": "IceblazerodItemIsDroppedByPlayer"
    }
  }
}