{
  "_fv": 21,
  "_type": "tag",
  "definition": {
    "type": "Blocks",
    "items": [],
    "blocks": [
      {
        "value": "CUSTOM:Darkgoldblock"
      },
      {
        "value": "CUSTOM:Bluemetalironblock"
      },
      {
        "value": "CUSTOM:Bluemetalironblocktairs"
      },
      {
        "value": "CUSTOM:Bluemetalironblockslab"
      },
      {
        "value": "CUSTOM:Bluemetalbars"
      }
    ],
    "functions": [],
    "entities": [],
    "name": "ironblocks",
    "namespace": "minecraft"
  }
}