{
  "_fv": 21,
  "_type": "tool",
  "definition": {
    "renderType": 1,
    "texture": "darkgolddiamondsword",
    "customModelName": "kayblade:default",
    "name": "Keyblade",
    "specialInfo": [],
    "creativeTab": {
      "value": "CUSTOM:Darkagereborn"
    },
    "toolType": "Sword",
    "harvestLevel": 1,
    "efficiency": 13.0,
    "attackSpeed": 1.5,
    "enchantability": 8,
    "damageVsEntity": 16.0,
    "usageCount": 2500,
    "blocksAffected": [],
    "hasGlow": false,
    "repairItems": [],
    "immuneToFire": false,
    "stayInGridWhenCrafting": false,
    "damageOnCrafting": false
  }
}