{
  "_fv": 21,
  "_type": "food",
  "definition": {
    "renderType": 0,
    "texture": "rawdarkbeef",
    "customModelName": "Normal",
    "name": "Raw Dark Beef",
    "rarity": "UNCOMMON",
    "specialInfo": [],
    "creativeTab": {
      "value": "CUSTOM:Darkagereborn"
    },
    "stackSize": 64,
    "nutritionalValue": 4,
    "saturation": 0.3,
    "eatingSpeed": 32,
    "resultItem": {
      "value": ""
    },
    "forDogs": true,
    "isAlwaysEdible": false,
    "animation": "eat",
    "hasGlow": false
  }
}