{
  "_fv": 21,
  "_type": "mob",
  "definition": {
    "mobName": "Red Lightning Herobrine",
    "mobLabel": "",
    "mobModelName": "Modelcustom_model",
    "mobModelTexture": "2021_05_24_red-lightning-herobrine-17904646.png",
    "mobModelGlowTexture": "",
    "modelWidth": 0.6,
    "modelHeight": 1.8,
    "modelShadowSize": 0.5,
    "mountedYOffset": 0.0,
    "hasSpawnEgg": true,
    "spawnEggBaseColor": {
      "value": -52429,
      "falpha": 0.0
    },
    "spawnEggDotColor": {
      "value": -1,
      "falpha": 0.0
    },
    "creativeTab": {
      "value": "CUSTOM:Darkagereborn"
    },
    "isBoss": false,
    "bossBarColor": "PINK",
    "bossBarType": "PROGRESS",
    "equipmentMainHand": {
      "value": ""
    },
    "equipmentOffHand": {
      "value": ""
    },
    "equipmentHelmet": {
      "value": ""
    },
    "equipmentBody": {
      "value": ""
    },
    "equipmentLeggings": {
      "value": ""
    },
    "equipmentBoots": {
      "value": ""
    },
    "mobBehaviourType": "Mob",
    "mobCreatureType": "UNDEFINED",
    "attackStrength": 9,
    "attackKnockback": 0.5,
    "knockbackResistance": 0.0,
    "movementSpeed": 0.30000000000000004,
    "armorBaseValue": 0.0,
    "trackingRange": 64,
    "health": 40,
    "xpAmount": 0,
    "waterMob": false,
    "flyingMob": false,
    "guiBoundTo": "<NONE>",
    "inventorySize": 9,
    "inventoryStackSize": 64,
    "disableCollisions": false,
    "ridable": false,
    "canControlForward": false,
    "canControlStrafe": false,
    "immuneToFire": true,
    "immuneToArrows": true,
    "immuneToFallDamage": false,
    "immuneToCactus": false,
    "immuneToDrowning": true,
    "immuneToLightning": false,
    "immuneToPotions": true,
    "immuneToPlayer": false,
    "immuneToExplosion": false,
    "immuneToTrident": false,
    "immuneToAnvil": false,
    "immuneToWither": true,
    "immuneToDragonBreath": false,
    "mobDrop": {
      "value": ""
    },
    "livingSound": {
      "value": ""
    },
    "hurtSound": {
      "value": "entity.generic.hurt"
    },
    "deathSound": {
      "value": "entity.generic.death"
    },
    "stepSound": {
      "value": ""
    },
    "spawnParticles": true,
    "particleToSpawn": {
      "value": "CRIT_MAGIC"
    },
    "particleSpawningShape": "Spread",
    "particleSpawningRadious": 0.19999999850988387,
    "particleAmount": 2,
    "onStruckByLightning": {
      "name": "RedLightningHerobrineItIsStruckByLightning"
    },
    "whenMobDies": {
      "name": "RedLightningHerobrineEntityDies"
    },
    "hasAI": true,
    "aiBase": "(none)",
    "aixml": "<xml xmlns=\"https://developers.google.com/blockly/xml\"><block type=\"aitasks_container\" deletable=\"false\" x=\"40\" y=\"40\"><next><block type=\"attack_on_collide\"><field name=\"speed\">1</field><field name=\"longmemory\">TRUE</field><field name=\"condition\">null,null</field><next><block type=\"wander\"><field name=\"speed\">1</field><field name=\"condition\">null,null</field><next><block type=\"attack_action\"><field name=\"callhelp\">TRUE</field><field name=\"condition\">null,null</field><next><block type=\"look_around\"><field name=\"condition\">null,null</field><next><block type=\"swim_in_water\"><field name=\"condition\">null,null</field><next><block type=\"break_blocks\"><field name=\"speed\">1</field><field name=\"y_max\">3</field><field name=\"condition\">null,null</field><value name=\"block\"><block type=\"mcitem_allblocks\"><field name=\"value\">CUSTOM:Shadowoakplankdoor</field></block></value><next><block type=\"break_blocks\"><field name=\"speed\">1</field><field name=\"y_max\">3</field><field name=\"condition\">null,null</field><value name=\"block\"><block type=\"mcitem_allblocks\"><field name=\"value\">Blocks.OAK_DOOR</field></block></value><next><block type=\"break_blocks\"><field name=\"speed\">1</field><field name=\"y_max\">3</field><field name=\"condition\">null,null</field><value name=\"block\"><block type=\"mcitem_allblocks\"><field name=\"value\">Blocks.SPRUCE_DOOR</field></block></value><next><block type=\"avoid_entity\"><field name=\"radius\">25</field><field name=\"farspeed\">1</field><field name=\"nearspeed\">1</field><field name=\"entity\">EntityPlayer</field><field name=\"condition\">null,null</field><next><block type=\"break_blocks\"><field name=\"speed\">1</field><field name=\"y_max\">3</field><field name=\"condition\">null,null</field><value name=\"block\"><block type=\"mcitem_allblocks\"><field name=\"value\">Blocks.BIRCH_DOOR</field></block></value><next><block type=\"break_blocks\"><field name=\"speed\">1</field><field name=\"y_max\">3</field><field name=\"condition\">null,null</field><value name=\"block\"><block type=\"mcitem_allblocks\"><field name=\"value\">Blocks.JUNGLE_DOOR</field></block></value><next><block type=\"break_blocks\"><field name=\"speed\">1</field><field name=\"y_max\">3</field><field name=\"condition\">null,null</field><value name=\"block\"><block type=\"mcitem_allblocks\"><field name=\"value\">Blocks.ACACIA_DOOR</field></block></value><next><block type=\"break_blocks\"><field name=\"speed\">1</field><field name=\"y_max\">3</field><field name=\"condition\">null,null</field><value name=\"block\"><block type=\"mcitem_allblocks\"><field name=\"value\">Blocks.DARK_OAK_DOOR</field></block></value><next><block type=\"break_blocks\"><field name=\"speed\">1</field><field name=\"y_max\">3</field><field name=\"condition\">null,null</field><value name=\"block\"><block type=\"mcitem_allblocks\"><field name=\"value\">Blocks.CRIMSON_DOOR</field></block></value><next><block type=\"break_blocks\"><field name=\"speed\">1</field><field name=\"y_max\">3</field><field name=\"condition\">null,null</field><value name=\"block\"><block type=\"mcitem_allblocks\"><field name=\"value\">Blocks.WARPED_DOOR</field></block></value><next><block type=\"attack_entity\"><field name=\"insight\">TRUE</field><field name=\"nearby\">TRUE</field><field name=\"entity\">EntityPlayer</field><field name=\"condition\">null,null</field><next><block type=\"attack_entity\"><field name=\"insight\">TRUE</field><field name=\"nearby\">TRUE</field><field name=\"entity\">EntityPillager</field><field name=\"condition\">null,null</field><next><block type=\"attack_entity\"><field name=\"insight\">TRUE</field><field name=\"nearby\">TRUE</field><field name=\"entity\">EntityIronGolem</field><field name=\"condition\">null,null</field><next><block type=\"attack_entity\"><field name=\"insight\">TRUE</field><field name=\"nearby\">TRUE</field><field name=\"entity\">EntityRavager</field><field name=\"condition\">null,null</field><next><block type=\"attack_entity\"><field name=\"insight\">TRUE</field><field name=\"nearby\">TRUE</field><field name=\"entity\">EntityVillager</field><field name=\"condition\">null,null</field></block></next></block></next></block></next></block></next></block></next></block></next></block></next></block></next></block></next></block></next></block></next></block></next></block></next></block></next></block></next></block></next></block></next></block></next></block></next></block></next></block></xml>",
    "breedable": false,
    "tameable": false,
    "breedTriggerItems": [],
    "ranged": false,
    "rangedAttackItem": {
      "value": ""
    },
    "rangedItemType": "Default item",
    "spawnThisMob": true,
    "doesDespawnWhenIdle": true,
    "spawningProbability": 4,
    "mobSpawningType": "monster",
    "minNumberOfMobsPerGroup": 1,
    "maxNumberOfMobsPerGroup": 2,
    "restrictionBiomes": [
      {
        "value": "CUSTOM:Shadowbiome"
      }
    ],
    "spawnInDungeons": false
  }
}