{
  "_fv": 21,
  "_type": "structure",
  "definition": {
    "structure": "shadowcactus",
    "randomlyRotateStructure": true,
    "surfaceDetectionType": "First motion blocking block",
    "spawnProbability": 50000,
    "minCountPerChunk": 1,
    "maxCountPerChunk": 1,
    "spawnLocation": "Ground",
    "spawnHeightOffset": 0,
    "spawnXOffset": 0,
    "spawnZOffset": 0,
    "spawnWorldTypes": [
      "Surface"
    ],
    "restrictionBlocks": [
      {
        "value": "CUSTOM:Lightgrassblock"
      },
      {
        "value": "CUSTOM:Darkdirt"
      },
      {
        "value": "Blocks.SAND#0"
      }
    ],
    "restrictionBiomes": [
      {
        "value": "CUSTOM:Shadowbiome"
      }
    ],
    "ignoreBlocks": "STRUCTURE_BLOCK"
  }
}