{
  "_fv": 21,
  "_type": "biome",
  "definition": {
    "name": "Shadow biome",
    "groundBlock": {
      "value": "CUSTOM:Lightgrassblock"
    },
    "undergroundBlock": {
      "value": "CUSTOM:Darkdirt"
    },
    "airColor": {
      "value": -16777216,
      "falpha": 0.0
    },
    "grassColor": {
      "value": -1,
      "falpha": 0.0
    },
    "foliageColor": {
      "value": -1,
      "falpha": 0.0
    },
    "waterColor": {
      "value": -16750849,
      "falpha": 0.0
    },
    "waterFogColor": {
      "value": -16750849,
      "falpha": 0.0
    },
    "ambientSound": {
      "value": "CUSTOM:the_shadow_biome"
    },
    "additionsSound": {
      "value": ""
    },
    "music": {
      "value": ""
    },
    "moodSound": {
      "value": ""
    },
    "moodSoundDelay": 26000,
    "spawnParticles": true,
    "particleToSpawn": {
      "value": "CUSTOM:Fatalerror"
    },
    "particlesProbability": 1.4000000000000001,
    "biomeCategory": "PLAINS",
    "parent": {
      "value": "plains"
    },
    "rainingPossibility": 0.30000000000000004,
    "temperature": 0.2,
    "baseHeight": 0.30000000000000004,
    "heightVariation": 0.1,
    "biomeType": "COOL",
    "spawnBiome": true,
    "biomeWeight": 512,
    "biomeDictionaryTypes": [
      "PLAINS",
      "FOREST",
      "MOUNTAIN",
      "OVERWORLD"
    ],
    "grassPerChunk": 12,
    "seagrassPerChunk": 0,
    "flowersPerChunk": 0,
    "mushroomsPerChunk": 0,
    "bigMushroomsChunk": 2,
    "sandPatchesPerChunk": 0,
    "gravelPatchesPerChunk": 0,
    "reedsPerChunk": 0,
    "cactiPerChunk": 0,
    "treesPerChunk": 4,
    "vanillaTreeType": "Default",
    "treeType": 1,
    "minHeight": 12,
    "maxWaterDepth": 0,
    "treeStem": {
      "value": "CUSTOM:Shadowoaklogds"
    },
    "treeBranch": {
      "value": "CUSTOM:Darknessleaves"
    },
    "treeVines": {
      "value": "CUSTOM:Darknessleaves"
    },
    "treeFruits": {
      "value": "CUSTOM:Darknessleaves"
    },
    "spawnStronghold": true,
    "spawnMineshaft": true,
    "spawnPillagerOutpost": true,
    "villageType": "plains",
    "spawnWoodlandMansion": false,
    "spawnJungleTemple": false,
    "spawnDesertPyramid": false,
    "spawnIgloo": false,
    "spawnOceanMonument": false,
    "spawnShipwreck": false,
    "oceanRuinType": "COLD",
    "defaultFeatures": [
      "Caves",
      "Ores",
      "FrozenTopLayer",
      "TaigaGrassAndMushrooms",
      "TaigaGrassDeadBushesMushrooms"
    ],
    "spawnEntries": [
      {
        "entity": {
          "value": "CUSTOM:RedLightningHerobrine"
        },
        "minGroup": 2,
        "maxGroup": 8,
        "weight": 3,
        "spawnType": "monster"
      },
      {
        "entity": {
          "value": "CUSTOM:ShadowFreddy"
        },
        "minGroup": 2,
        "maxGroup": 8,
        "weight": 2,
        "spawnType": "monster"
      },
      {
        "entity": {
          "value": "CUSTOM:EvilWolfGirl"
        },
        "minGroup": 2,
        "maxGroup": 8,
        "weight": 3,
        "spawnType": "monster"
      },
      {
        "entity": {
          "value": "EntityCow"
        },
        "minGroup": 2,
        "maxGroup": 8,
        "weight": 2,
        "spawnType": "monster"
      },
      {
        "entity": {
          "value": "EntityCreeper"
        },
        "minGroup": 2,
        "maxGroup": 8,
        "weight": 5,
        "spawnType": "monster"
      },
      {
        "entity": {
          "value": "EntityEnderman"
        },
        "minGroup": 2,
        "maxGroup": 8,
        "weight": 2,
        "spawnType": "monster"
      },
      {
        "entity": {
          "value": "EntityZombie"
        },
        "minGroup": 2,
        "maxGroup": 8,
        "weight": 4,
        "spawnType": "monster"
      },
      {
        "entity": {
          "value": "EntityHorse"
        },
        "minGroup": 2,
        "maxGroup": 8,
        "weight": 6,
        "spawnType": "creature"
      },
      {
        "entity": {
          "value": "EntityHusk"
        },
        "minGroup": 2,
        "maxGroup": 8,
        "weight": 3,
        "spawnType": "monster"
      },
      {
        "entity": {
          "value": "CUSTOM:DarkCow"
        },
        "minGroup": 2,
        "maxGroup": 8,
        "weight": 2,
        "spawnType": "monster"
      }
    ]
  }
}