{
  "_fv": 21,
  "_type": "gun",
  "definition": {
    "renderType": 0,
    "texture": "stargun",
    "customModelName": "Normal",
    "name": "Stargun",
    "specialInfo": [
      "this will help you kill evill wolf girls"
    ],
    "creativeTab": {
      "value": "CUSTOM:Darkagereborn"
    },
    "stackSize": 0,
    "ammoItem": {
      "value": "Blocks.AIR"
    },
    "shootConstantly": false,
    "usageCount": 650,
    "actionSound": {
      "value": "entity.arrow.shoot"
    },
    "hasGlow": false,
    "animation": "bow",
    "enableMeleeDamage": false,
    "damageVsEntity": 0.0,
    "onRangedItemUsed": {
      "name": "StargunRangedItemUsed"
    },
    "useCondition": {
      "name": "StargunCanUseRangedItem"
    },
    "bulletPower": 2.0,
    "bulletDamage": 8.0,
    "bulletKnockback": 2,
    "bulletParticles": true,
    "bulletIgnitesFire": false,
    "bulletItemTexture": {
      "value": "Blocks.AIR"
    },
    "bulletModel": "Default",
    "customBulletModelTexture": ""
  }
}