{
  "_fv": 21,
  "_type": "tag",
  "definition": {
    "type": "Blocks",
    "items": [],
    "blocks": [
      {
        "value": "CUSTOM:Darknessstone"
      },
      {
        "value": "CUSTOM:Darknessstonemonster"
      },
      {
        "value": "CUSTOM:Darkbcobblestone"
      },
      {
        "value": "CUSTOM:Darkbrickstone"
      },
      {
        "value": "CUSTOM:Darkstoneslabs"
      },
      {
        "value": "CUSTOM:Darkcobblestonesslab"
      },
      {
        "value": "CUSTOM:Darkbrickstoneslab"
      },
      {
        "value": "CUSTOM:Darkstonestairs"
      },
      {
        "value": "CUSTOM:Darkcobblestonesairs"
      },
      {
        "value": "CUSTOM:Darksbrickstonestairs"
      },
      {
        "value": "CUSTOM:Darkcobblestonewall"
      },
      {
        "value": "CUSTOM:Darkchaosstone"
      },
      {
        "value": "CUSTOM:Darkchaoscobblestone"
      },
      {
        "value": "CUSTOM:Darkchaosbrickstone"
      },
      {
        "value": "CUSTOM:Darkchaosmonster"
      },
      {
        "value": "CUSTOM:DarkBricks"
      },
      {
        "value": "CUSTOM:Darkbrickslab"
      },
      {
        "value": "CUSTOM:Darkbrickstairs"
      },
      {
        "value": "CUSTOM:Darkbrickwall"
      },
      {
        "value": "CUSTOM:DigiStone"
      },
      {
        "value": "CUSTOM:DigiCobbleStone"
      },
      {
        "value": "CUSTOM:DigiBrickStone"
      }
    ],
    "functions": [],
    "entities": [],
    "name": "stone_block",
    "namespace": "minecraft"
  }
}