{
  "_fv": 21,
  "_type": "tag",
  "definition": {
    "type": "Blocks",
    "items": [],
    "blocks": [
      {
        "value": "CUSTOM:Shadowoakplank"
      },
      {
        "value": "CUSTOM:Shadowoakplankslabs"
      },
      {
        "value": "CUSTOM:Shadowoaksplankstairs"
      },
      {
        "value": "CUSTOM:Shadowoakplankdoor"
      },
      {
        "value": "CUSTOM:Shadowoakplankgate"
      },
      {
        "value": "CUSTOM:IceOakPlank"
      },
      {
        "value": "CUSTOM:IceOakPlankslab"
      },
      {
        "value": "CUSTOM:IceOakPlankstairs"
      },
      {
        "value": "CUSTOM:IceOakPlankgate"
      },
      {
        "value": "CUSTOM:IceOakPlankfance"
      },
      {
        "value": "CUSTOM:IceOakPlankchest"
      }
    ],
    "functions": [],
    "entities": [],
    "name": "woodblocks",
    "namespace": "minecraft"
  }
}