{"stats":{"minecraft:used":{"dark_age_reborn:darknessleaves":332,"minecraft:redstone_torch":2,"dark_age_reborn:dark_bricks":16,"dark_age_reborn:frozenleaves":224,"dark_age_reborn:digi_stone":94,"minecraft:polished_blackstone_brick_slab":62,"dark_age_reborn:shadow_dark_cobble_stone":30,"dark_age_reborn:shadowoakplankdoor":4,"dark_age_reborn:darknessstone":48,"minecraft:command_block":2,"minecraft:grass_block":4,"minecraft:redstone":29,"dark_age_reborn:icemushroom_2":56,"minecraft:spawner":4,"minecraft:chest":9,"minecraft:structure_void":2208,"dark_age_reborn:red_lightning_herobrine_spawn_egg":5,"dark_age_reborn:darknessstonemonster":4,"dark_age_reborn:darkcobblestonesairs":2,"dark_age_reborn:lightgrassx":19,"minecraft:structure_block":10,"dark_age_reborn:shadowoaksplankstairs":32,"minecraft:polished_blackstone_bricks":48,"minecraft:gilded_blackstone":20,"dark_age_reborn:darkdirt":83,"dark_age_reborn:shadowoakplankslabs":9,"minecraft:torch":4,"minecraft:repeater":5,"minecraft:dirt":2,"dark_age_reborn:blindvine":5,"dark_age_reborn:icemushroom":5,"dark_age_reborn:iceoaklog":61,"dark_age_reborn:frozenmushroom":7,"dark_age_reborn:darkbcobblestone":118,"dark_age_reborn:shadowoaklogds":209,"dark_age_reborn:dark_gold_door":5,"minecraft:painting":98,"dark_age_reborn:darkchaosstone":44,"dark_age_reborn:shadowoakplank":35,"minecraft:warped_button":3,"dark_age_reborn:shadowcactus":1},"minecraft:picked_up":{"dark_age_reborn:darkapple":8,"minecraft:redstone":2,"dark_age_reborn:frozenmushroom":1,"dark_age_reborn:lightgrassx":5,"dark_age_reborn:iceoaksepling_2":2,"dark_age_reborn:shadowsepling_2":3},"minecraft:dropped":{"dark_age_reborn:iceoaklog":1,"dark_age_reborn:frozenleaves":1,"dark_age_reborn:shadowcactus":1,"minecraft:redstone":1},"minecraft:custom":{"minecraft:time_since_rest":161914,"minecraft:sprint_one_cm":14322,"minecraft:walk_one_cm":344041,"minecraft:drop":4,"minecraft:fly_one_cm":215053,"minecraft:open_chest":19,"minecraft:crouch_one_cm":3874,"minecraft:play_one_minute":161914,"minecraft:sneak_time":2852,"minecraft:jump":94,"minecraft:time_since_death":161914,"minecraft:leave_game":21}},"DataVersion":2586}