{
	"credit": "Made with Blockbench",
	"elements": [
		{
			"from": [7, 0, 7],
			"to": [9, 32, 9],
			"rotation": {"angle": 0, "axis": "y", "origin": [8.01667, 21, 7.98333]},
			"color": 1,
			"faces": {
				"north": {"uv": [0, 0, 2, 16], "texture": "#missing"},
				"east": {"uv": [0, 0, 2, 16], "texture": "#missing"},
				"south": {"uv": [0, 0, 2, 16], "texture": "#missing"},
				"west": {"uv": [0, 0, 2, 16], "texture": "#missing"},
				"up": {"uv": [0, 0, 2, 2], "texture": "#missing"},
				"down": {"uv": [0, 0, 2, 2], "texture": "#missing"}
			}
		},
		{
			"from": [6.3, 19, 6.1],
			"to": [9.8, 22, 9.8],
			"rotation": {"angle": 0, "axis": "y", "origin": [8.01667, 21, 7.98333]},
			"color": 3,
			"faces": {
				"north": {"uv": [0, 0, 3.5, 3], "texture": "#missing"},
				"east": {"uv": [0, 0, 3.7, 3], "texture": "#missing"},
				"south": {"uv": [0, 0, 3.5, 3], "texture": "#missing"},
				"west": {"uv": [0, 0, 3.7, 3], "texture": "#missing"},
				"up": {"uv": [0, 0, 3.5, 3.7], "texture": "#missing"},
				"down": {"uv": [0, 0, 3.5, 3.7], "texture": "#missing"}
			}
		},
		{
			"from": [6, 24, 6],
			"to": [10, 29, 10],
			"rotation": {"angle": 0, "axis": "y", "origin": [8.01667, 21, 7.98333]},
			"color": 3,
			"faces": {
				"north": {"uv": [0, 0, 4, 5], "texture": "#missing"},
				"east": {"uv": [0, 0, 4, 5], "texture": "#missing"},
				"south": {"uv": [0, 0, 4, 5], "texture": "#missing"},
				"west": {"uv": [0, 0, 4, 5], "texture": "#missing"},
				"up": {"uv": [0, 0, 4, 4], "texture": "#missing"},
				"down": {"uv": [0, 0, 4, 4], "texture": "#missing"}
			}
		},
		{
			"from": [4, 22.5, 1],
			"to": [12, 31.5, 15],
			"rotation": {"angle": 0, "axis": "y", "origin": [8, 27, 8]},
			"color": 0,
			"faces": {
				"north": {"uv": [0, 0, 8, 9], "texture": "#missing"},
				"east": {"uv": [0, 0, 14, 9], "texture": "#missing"},
				"south": {"uv": [0, 0, 8, 9], "texture": "#missing"},
				"west": {"uv": [0, 0, 14, 9], "texture": "#missing"},
				"up": {"uv": [0, 0, 8, 14], "texture": "#missing"},
				"down": {"uv": [0, 0, 8, 14], "texture": "#missing"}
			}
		}
	],
	"display": {
		"thirdperson_righthand": {
			"translation": [0, 5.25, 1.75],
			"scale": [1, 1.35, 1.5]
		},
		"thirdperson_lefthand": {
			"translation": [0, 6, 2.5],
			"scale": [1, 1.35, 1.45]
		},
		"firstperson_righthand": {
			"rotation": [-18.5, 0, 0],
			"translation": [0, 3.5, 0]
		},
		"firstperson_lefthand": {
			"rotation": [-17.5, 0, 0],
			"translation": [0, 4.5, 0]
		},
		"ground": {
			"rotation": [0, 0, 90],
			"translation": [0, -2, 0]
		},
		"gui": {
			"rotation": [0, 89, 0],
			"translation": [0, -4, 0],
			"scale": [0.5, 0.5, 0.5]
		},
		"fixed": {
			"rotation": [0, 90, 0],
			"translation": [0, -5, 0],
			"scale": [0.6, 0.6, 0.6]
		}
	},
	"groups": [
		{
			"name": "botton",
			"origin": [8, 8, 8],
			"children": [0, 1, 2]
		},
		{
			"name": "top",
			"origin": [8, 8, 8],
			"children": [3]
		}
	]
}