{
	"credit": "Made with Blockbench",
	"textures": {
		"0": "mod create/texture 4",
		"1": "mod create/texture 5",
		"particle": "mod create/texture 4"
	},
	"elements": [
		{
			"from": [1, 0, 1],
			"to": [15, 8, 15],
			"rotation": {"angle": 0, "axis": "y", "origin": [8, 4, 8]},
			"faces": {
				"north": {"uv": [7, 0, 14, 4], "texture": "#0"},
				"east": {"uv": [7, 4, 14, 8], "texture": "#0"},
				"south": {"uv": [7, 8, 14, 12], "texture": "#0"},
				"west": {"uv": [7, 12, 14, 16], "texture": "#0"},
				"up": {"uv": [7, 7, 0, 0], "texture": "#0"},
				"down": {"uv": [7, 7, 0, 14], "texture": "#0"}
			}
		},
		{
			"from": [2, 8, 2],
			"to": [14, 32, 14],
			"rotation": {"angle": 0, "axis": "y", "origin": [8, 20, 8]},
			"faces": {
				"north": {"uv": [0, 0, 6, 12], "texture": "#0"},
				"east": {"uv": [0, 0, 6, 12], "texture": "#0"},
				"south": {"uv": [0, 0, 6, 12], "texture": "#0"},
				"west": {"uv": [0, 0, 6, 12], "texture": "#0"},
				"up": {"uv": [0, 0, 6, 6], "texture": "#0"},
				"down": {"uv": [0, 0, 6, 6], "texture": "#0"}
			}
		},
		{
			"from": [1, 11, 3],
			"to": [2, 12, 4],
			"rotation": {"angle": 0, "axis": "y", "origin": [7.69231, 18.5, 7.88462]},
			"faces": {
				"north": {"uv": [0, 0, 1, 1], "texture": "#1"},
				"east": {"uv": [0, 1, 1, 2], "texture": "#1"},
				"south": {"uv": [1, 0, 2, 1], "texture": "#1"},
				"west": {"uv": [1, 1, 2, 2], "texture": "#1"},
				"up": {"uv": [1, 3, 0, 2], "texture": "#1"},
				"down": {"uv": [3, 0, 2, 1], "texture": "#1"}
			}
		},
		{
			"from": [14, 11, 3],
			"to": [15, 12, 4],
			"rotation": {"angle": 0, "axis": "y", "origin": [7.69231, 18.5, 7.88462]},
			"faces": {
				"north": {"uv": [1, 2, 2, 3], "texture": "#1"},
				"east": {"uv": [2, 1, 3, 2], "texture": "#1"},
				"south": {"uv": [2, 2, 3, 3], "texture": "#1"},
				"west": {"uv": [0, 3, 1, 4], "texture": "#1"},
				"up": {"uv": [4, 1, 3, 0], "texture": "#1"},
				"down": {"uv": [2, 3, 1, 4], "texture": "#1"}
			}
		},
		{
			"from": [1, 12, 11],
			"to": [2, 13, 12],
			"rotation": {"angle": 0, "axis": "y", "origin": [7.69231, 18.5, 7.88462]},
			"faces": {
				"north": {"uv": [3, 1, 4, 2], "texture": "#1"},
				"east": {"uv": [2, 3, 3, 4], "texture": "#1"},
				"south": {"uv": [3, 2, 4, 3], "texture": "#1"},
				"west": {"uv": [3, 3, 4, 4], "texture": "#1"},
				"up": {"uv": [1, 5, 0, 4], "texture": "#1"},
				"down": {"uv": [5, 0, 4, 1], "texture": "#1"}
			}
		},
		{
			"from": [14, 12, 11],
			"to": [15, 13, 12],
			"rotation": {"angle": 0, "axis": "y", "origin": [7.69231, 18.5, 7.88462]},
			"faces": {
				"north": {"uv": [1, 4, 2, 5], "texture": "#1"},
				"east": {"uv": [4, 1, 5, 2], "texture": "#1"},
				"south": {"uv": [2, 4, 3, 5], "texture": "#1"},
				"west": {"uv": [4, 2, 5, 3], "texture": "#1"},
				"up": {"uv": [4, 5, 3, 4], "texture": "#1"},
				"down": {"uv": [5, 3, 4, 4], "texture": "#1"}
			}
		},
		{
			"from": [1, 15, 5],
			"to": [2, 16, 6],
			"rotation": {"angle": 0, "axis": "y", "origin": [7.69231, 18.5, 7.88462]},
			"faces": {
				"north": {"uv": [4, 4, 5, 5], "texture": "#1"},
				"east": {"uv": [0, 5, 1, 6], "texture": "#1"},
				"south": {"uv": [5, 0, 6, 1], "texture": "#1"},
				"west": {"uv": [1, 5, 2, 6], "texture": "#1"},
				"up": {"uv": [6, 2, 5, 1], "texture": "#1"},
				"down": {"uv": [3, 5, 2, 6], "texture": "#1"}
			}
		},
		{
			"from": [14, 15, 5],
			"to": [15, 16, 6],
			"rotation": {"angle": 0, "axis": "y", "origin": [7.69231, 18.5, 7.88462]},
			"faces": {
				"north": {"uv": [5, 2, 6, 3], "texture": "#1"},
				"east": {"uv": [3, 5, 4, 6], "texture": "#1"},
				"south": {"uv": [5, 3, 6, 4], "texture": "#1"},
				"west": {"uv": [4, 5, 5, 6], "texture": "#1"},
				"up": {"uv": [6, 5, 5, 4], "texture": "#1"},
				"down": {"uv": [6, 5, 5, 6], "texture": "#1"}
			}
		},
		{
			"from": [1, 20, 11],
			"to": [2, 21, 12],
			"rotation": {"angle": 0, "axis": "y", "origin": [7.69231, 18.5, 7.88462]},
			"faces": {
				"north": {"uv": [0, 6, 1, 7], "texture": "#1"},
				"east": {"uv": [6, 0, 7, 1], "texture": "#1"},
				"south": {"uv": [1, 6, 2, 7], "texture": "#1"},
				"west": {"uv": [6, 1, 7, 2], "texture": "#1"},
				"up": {"uv": [3, 7, 2, 6], "texture": "#1"},
				"down": {"uv": [7, 2, 6, 3], "texture": "#1"}
			}
		},
		{
			"from": [14, 20, 11],
			"to": [15, 21, 12],
			"rotation": {"angle": 0, "axis": "y", "origin": [7.69231, 18.5, 7.88462]},
			"faces": {
				"north": {"uv": [3, 6, 4, 7], "texture": "#1"},
				"east": {"uv": [6, 3, 7, 4], "texture": "#1"},
				"south": {"uv": [4, 6, 5, 7], "texture": "#1"},
				"west": {"uv": [6, 4, 7, 5], "texture": "#1"},
				"up": {"uv": [6, 7, 5, 6], "texture": "#1"},
				"down": {"uv": [7, 5, 6, 6], "texture": "#1"}
			}
		},
		{
			"from": [1, 23, 4],
			"to": [2, 24, 5],
			"rotation": {"angle": 0, "axis": "y", "origin": [7.69231, 18.5, 7.88462]},
			"faces": {
				"north": {"uv": [6, 6, 7, 7], "texture": "#1"},
				"east": {"uv": [0, 7, 1, 8], "texture": "#1"},
				"south": {"uv": [7, 0, 8, 1], "texture": "#1"},
				"west": {"uv": [1, 7, 2, 8], "texture": "#1"},
				"up": {"uv": [8, 2, 7, 1], "texture": "#1"},
				"down": {"uv": [3, 7, 2, 8], "texture": "#1"}
			}
		},
		{
			"from": [14, 23, 4],
			"to": [15, 24, 5],
			"rotation": {"angle": 0, "axis": "y", "origin": [7.69231, 18.5, 7.88462]},
			"faces": {
				"north": {"uv": [7, 2, 8, 3], "texture": "#1"},
				"east": {"uv": [3, 7, 4, 8], "texture": "#1"},
				"south": {"uv": [7, 3, 8, 4], "texture": "#1"},
				"west": {"uv": [4, 7, 5, 8], "texture": "#1"},
				"up": {"uv": [8, 5, 7, 4], "texture": "#1"},
				"down": {"uv": [6, 7, 5, 8], "texture": "#1"}
			}
		},
		{
			"from": [1, 26, 9],
			"to": [2, 27, 10],
			"rotation": {"angle": 0, "axis": "y", "origin": [7.69231, 18.5, 7.88462]},
			"faces": {
				"north": {"uv": [7, 5, 8, 6], "texture": "#1"},
				"east": {"uv": [6, 7, 7, 8], "texture": "#1"},
				"south": {"uv": [7, 6, 8, 7], "texture": "#1"},
				"west": {"uv": [7, 7, 8, 8], "texture": "#1"},
				"up": {"uv": [1, 9, 0, 8], "texture": "#1"},
				"down": {"uv": [9, 0, 8, 1], "texture": "#1"}
			}
		},
		{
			"from": [14, 26, 9],
			"to": [15, 27, 10],
			"rotation": {"angle": 0, "axis": "y", "origin": [7.69231, 18.5, 7.88462]},
			"faces": {
				"north": {"uv": [1, 8, 2, 9], "texture": "#1"},
				"east": {"uv": [8, 1, 9, 2], "texture": "#1"},
				"south": {"uv": [2, 8, 3, 9], "texture": "#1"},
				"west": {"uv": [8, 2, 9, 3], "texture": "#1"},
				"up": {"uv": [4, 9, 3, 8], "texture": "#1"},
				"down": {"uv": [9, 3, 8, 4], "texture": "#1"}
			}
		},
		{
			"from": [1, 22, 8],
			"to": [2, 23, 9],
			"rotation": {"angle": 0, "axis": "y", "origin": [7.69231, 18.5, 7.88462]},
			"faces": {
				"north": {"uv": [4, 8, 5, 9], "texture": "#1"},
				"east": {"uv": [8, 4, 9, 5], "texture": "#1"},
				"south": {"uv": [5, 8, 6, 9], "texture": "#1"},
				"west": {"uv": [8, 5, 9, 6], "texture": "#1"},
				"up": {"uv": [7, 9, 6, 8], "texture": "#1"},
				"down": {"uv": [9, 6, 8, 7], "texture": "#1"}
			}
		},
		{
			"from": [14, 22, 8],
			"to": [15, 23, 9],
			"rotation": {"angle": 0, "axis": "y", "origin": [7.69231, 18.5, 7.88462]},
			"faces": {
				"north": {"uv": [7, 8, 8, 9], "texture": "#1"},
				"east": {"uv": [8, 7, 9, 8], "texture": "#1"},
				"south": {"uv": [8, 8, 9, 9], "texture": "#1"},
				"west": {"uv": [0, 9, 1, 10], "texture": "#1"},
				"up": {"uv": [10, 1, 9, 0], "texture": "#1"},
				"down": {"uv": [2, 9, 1, 10], "texture": "#1"}
			}
		},
		{
			"from": [4, 10, 1],
			"to": [5, 11, 2],
			"rotation": {"angle": 0, "axis": "y", "origin": [7.69231, 18.5, 7.88462]},
			"faces": {
				"north": {"uv": [9, 1, 10, 2], "texture": "#1"},
				"east": {"uv": [2, 9, 3, 10], "texture": "#1"},
				"south": {"uv": [9, 2, 10, 3], "texture": "#1"},
				"west": {"uv": [3, 9, 4, 10], "texture": "#1"},
				"up": {"uv": [10, 4, 9, 3], "texture": "#1"},
				"down": {"uv": [5, 9, 4, 10], "texture": "#1"}
			}
		},
		{
			"from": [4, 10, 14],
			"to": [5, 11, 15],
			"rotation": {"angle": 0, "axis": "y", "origin": [7.69231, 18.5, 7.88462]},
			"faces": {
				"north": {"uv": [9, 4, 10, 5], "texture": "#1"},
				"east": {"uv": [5, 9, 6, 10], "texture": "#1"},
				"south": {"uv": [9, 5, 10, 6], "texture": "#1"},
				"west": {"uv": [6, 9, 7, 10], "texture": "#1"},
				"up": {"uv": [10, 7, 9, 6], "texture": "#1"},
				"down": {"uv": [8, 9, 7, 10], "texture": "#1"}
			}
		},
		{
			"from": [10, 12, 1],
			"to": [11, 13, 2],
			"rotation": {"angle": 0, "axis": "y", "origin": [7.69231, 18.5, 7.88462]},
			"faces": {
				"north": {"uv": [9, 7, 10, 8], "texture": "#1"},
				"east": {"uv": [8, 9, 9, 10], "texture": "#1"},
				"south": {"uv": [9, 8, 10, 9], "texture": "#1"},
				"west": {"uv": [9, 9, 10, 10], "texture": "#1"},
				"up": {"uv": [1, 11, 0, 10], "texture": "#1"},
				"down": {"uv": [11, 0, 10, 1], "texture": "#1"}
			}
		},
		{
			"from": [10, 12, 14],
			"to": [11, 13, 15],
			"rotation": {"angle": 0, "axis": "y", "origin": [7.69231, 18.5, 7.88462]},
			"faces": {
				"north": {"uv": [1, 10, 2, 11], "texture": "#1"},
				"east": {"uv": [10, 1, 11, 2], "texture": "#1"},
				"south": {"uv": [2, 10, 3, 11], "texture": "#1"},
				"west": {"uv": [10, 2, 11, 3], "texture": "#1"},
				"up": {"uv": [4, 11, 3, 10], "texture": "#1"},
				"down": {"uv": [11, 3, 10, 4], "texture": "#1"}
			}
		},
		{
			"from": [6, 15, 1],
			"to": [7, 16, 2],
			"rotation": {"angle": 0, "axis": "y", "origin": [7.69231, 18.5, 7.88462]},
			"faces": {
				"north": {"uv": [4, 10, 5, 11], "texture": "#1"},
				"east": {"uv": [10, 4, 11, 5], "texture": "#1"},
				"south": {"uv": [5, 10, 6, 11], "texture": "#1"},
				"west": {"uv": [10, 5, 11, 6], "texture": "#1"},
				"up": {"uv": [7, 11, 6, 10], "texture": "#1"},
				"down": {"uv": [11, 6, 10, 7], "texture": "#1"}
			}
		},
		{
			"from": [6, 15, 14],
			"to": [7, 16, 15],
			"rotation": {"angle": 0, "axis": "y", "origin": [7.69231, 18.5, 7.88462]},
			"faces": {
				"north": {"uv": [7, 10, 8, 11], "texture": "#1"},
				"east": {"uv": [10, 7, 11, 8], "texture": "#1"},
				"south": {"uv": [8, 10, 9, 11], "texture": "#1"},
				"west": {"uv": [10, 8, 11, 9], "texture": "#1"},
				"up": {"uv": [10, 11, 9, 10], "texture": "#1"},
				"down": {"uv": [11, 9, 10, 10], "texture": "#1"}
			}
		},
		{
			"from": [10, 20, 1],
			"to": [11, 21, 2],
			"rotation": {"angle": 0, "axis": "y", "origin": [7.69231, 18.5, 7.88462]},
			"faces": {
				"north": {"uv": [10, 10, 11, 11], "texture": "#1"},
				"east": {"uv": [0, 11, 1, 12], "texture": "#1"},
				"south": {"uv": [11, 0, 12, 1], "texture": "#1"},
				"west": {"uv": [1, 11, 2, 12], "texture": "#1"},
				"up": {"uv": [12, 2, 11, 1], "texture": "#1"},
				"down": {"uv": [3, 11, 2, 12], "texture": "#1"}
			}
		},
		{
			"from": [10, 20, 14],
			"to": [11, 21, 15],
			"rotation": {"angle": 0, "axis": "y", "origin": [7.69231, 18.5, 7.88462]},
			"faces": {
				"north": {"uv": [11, 2, 12, 3], "texture": "#1"},
				"east": {"uv": [3, 11, 4, 12], "texture": "#1"},
				"south": {"uv": [11, 3, 12, 4], "texture": "#1"},
				"west": {"uv": [4, 11, 5, 12], "texture": "#1"},
				"up": {"uv": [12, 5, 11, 4], "texture": "#1"},
				"down": {"uv": [6, 11, 5, 12], "texture": "#1"}
			}
		},
		{
			"from": [4, 22, 1],
			"to": [5, 23, 2],
			"rotation": {"angle": 0, "axis": "y", "origin": [7.69231, 18.5, 7.88462]},
			"faces": {
				"north": {"uv": [11, 5, 12, 6], "texture": "#1"},
				"east": {"uv": [6, 11, 7, 12], "texture": "#1"},
				"south": {"uv": [11, 6, 12, 7], "texture": "#1"},
				"west": {"uv": [7, 11, 8, 12], "texture": "#1"},
				"up": {"uv": [12, 8, 11, 7], "texture": "#1"},
				"down": {"uv": [9, 11, 8, 12], "texture": "#1"}
			}
		},
		{
			"from": [4, 22, 14],
			"to": [5, 23, 15],
			"rotation": {"angle": 0, "axis": "y", "origin": [7.69231, 18.5, 7.88462]},
			"faces": {
				"north": {"uv": [11, 8, 12, 9], "texture": "#1"},
				"east": {"uv": [9, 11, 10, 12], "texture": "#1"},
				"south": {"uv": [11, 9, 12, 10], "texture": "#1"},
				"west": {"uv": [10, 11, 11, 12], "texture": "#1"},
				"up": {"uv": [12, 11, 11, 10], "texture": "#1"},
				"down": {"uv": [12, 11, 11, 12], "texture": "#1"}
			}
		},
		{
			"from": [7, 26, 1],
			"to": [8, 27, 2],
			"rotation": {"angle": 0, "axis": "y", "origin": [7.69231, 18.5, 7.88462]},
			"faces": {
				"north": {"uv": [0, 12, 1, 13], "texture": "#1"},
				"east": {"uv": [12, 0, 13, 1], "texture": "#1"},
				"south": {"uv": [1, 12, 2, 13], "texture": "#1"},
				"west": {"uv": [12, 1, 13, 2], "texture": "#1"},
				"up": {"uv": [3, 13, 2, 12], "texture": "#1"},
				"down": {"uv": [13, 2, 12, 3], "texture": "#1"}
			}
		},
		{
			"from": [7, 26, 14],
			"to": [8, 27, 15],
			"rotation": {"angle": 0, "axis": "y", "origin": [7.69231, 18.5, 7.88462]},
			"faces": {
				"north": {"uv": [3, 12, 4, 13], "texture": "#1"},
				"east": {"uv": [12, 3, 13, 4], "texture": "#1"},
				"south": {"uv": [4, 12, 5, 13], "texture": "#1"},
				"west": {"uv": [12, 4, 13, 5], "texture": "#1"},
				"up": {"uv": [6, 13, 5, 12], "texture": "#1"},
				"down": {"uv": [13, 5, 12, 6], "texture": "#1"}
			}
		}
	],
	"display": {
		"thirdperson_righthand": {
			"scale": [0.3, 0.3, 0.3]
		},
		"thirdperson_lefthand": {
			"scale": [0.3, 0.3, 0.3]
		},
		"firstperson_righthand": {
			"scale": [0.5, 0.5, 0.5]
		},
		"firstperson_lefthand": {
			"scale": [0.5, 0.5, 0.5]
		},
		"ground": {
			"translation": [0, 0.5, 0],
			"scale": [0.5, 0.5, 0.5]
		},
		"gui": {
			"rotation": [0, 45, -20],
			"translation": [0, -3.75, 0],
			"scale": [0.4, 0.4, 0.4]
		},
		"head": {
			"translation": [0, 11, 0]
		},
		"fixed": {
			"translation": [0, -3.5, 0],
			"scale": [0.5, 0.5, 0.5]
		}
	},
	"groups": [
		{
			"name": "botton",
			"origin": [8, 8, 8],
			"children": [0]
		},
		{
			"name": "top",
			"origin": [8, 8, 8],
			"children": [1]
		},
		{
			"name": "spiks",
			"origin": [8, 8, 8],
			"children": [2, 3, 4, 5, 6, 7, 8, 9, 10, 11, 12, 13, 14, 15, 16, 17, 18, 19, 20, 21, 22, 23, 24, 25, 26, 27]
		}
	]
}