{
	"credit": "Made with Blockbench",
	"elements": [
		{
			"from": [1, 9.5, 1],
			"to": [15, 10.5, 15],
			"rotation": {"angle": 0, "axis": "y", "origin": [8, 7.75, 4.4]},
			"color": 1,
			"faces": {
				"north": {"uv": [0, 0, 14, 1], "texture": "#missing"},
				"east": {"uv": [0, 0, 14, 1], "texture": "#missing"},
				"south": {"uv": [0, 0, 14, 1], "texture": "#missing"},
				"west": {"uv": [0, 0, 14, 1], "texture": "#missing"},
				"up": {"uv": [0, 0, 14, 14], "texture": "#missing"},
				"down": {"uv": [0, 0, 14, 14], "texture": "#missing"}
			}
		},
		{
			"from": [6, 4, 0.3],
			"to": [10, 7, 1.3],
			"rotation": {"angle": 0, "axis": "y", "origin": [8, 7.75, 4.4]},
			"color": 1,
			"faces": {
				"north": {"uv": [0, 0, 4, 3], "texture": "#missing"},
				"east": {"uv": [0, 0, 1, 3], "texture": "#missing"},
				"south": {"uv": [0, 0, 4, 3], "texture": "#missing"},
				"west": {"uv": [0, 0, 1, 3], "texture": "#missing"},
				"up": {"uv": [0, 0, 4, 1], "texture": "#missing"},
				"down": {"uv": [0, 0, 4, 1], "texture": "#missing"}
			}
		},
		{
			"from": [1, 0, 1],
			"to": [15, 0.5, 15],
			"rotation": {"angle": 0, "axis": "y", "origin": [8, 4.05, 8]},
			"color": 2,
			"faces": {
				"north": {"uv": [0, 0, 14, 0.5], "texture": "#missing"},
				"east": {"uv": [0, 0, 14, 0.5], "texture": "#missing"},
				"south": {"uv": [0, 0, 14, 0.5], "texture": "#missing"},
				"west": {"uv": [0, 0, 14, 0.5], "texture": "#missing"},
				"up": {"uv": [0, 0, 14, 14], "texture": "#missing"},
				"down": {"uv": [0, 0, 14, 14], "texture": "#missing"}
			}
		},
		{
			"from": [1, 0.5, 1],
			"to": [15, 9.5, 1.5],
			"rotation": {"angle": 0, "axis": "y", "origin": [8, 4.05, 8]},
			"color": 6,
			"faces": {
				"north": {"uv": [0, 0, 14, 9], "texture": "#missing"},
				"east": {"uv": [0, 0, 0.5, 9], "texture": "#missing"},
				"south": {"uv": [0, 0, 14, 9], "texture": "#missing"},
				"west": {"uv": [0, 0, 0.5, 9], "texture": "#missing"},
				"up": {"uv": [0, 0, 14, 0.5], "texture": "#missing"},
				"down": {"uv": [0, 0, 14, 0.5], "texture": "#missing"}
			}
		},
		{
			"from": [1, 0.5, 14.5],
			"to": [15, 9.5, 15],
			"rotation": {"angle": 0, "axis": "y", "origin": [8, 4.05, 8]},
			"color": 6,
			"faces": {
				"north": {"uv": [0, 0, 14, 9], "texture": "#missing"},
				"east": {"uv": [0, 0, 0.5, 9], "texture": "#missing"},
				"south": {"uv": [0, 0, 14, 9], "texture": "#missing"},
				"west": {"uv": [0, 0, 0.5, 9], "texture": "#missing"},
				"up": {"uv": [0, 0, 14, 0.5], "texture": "#missing"},
				"down": {"uv": [0, 0, 14, 0.5], "texture": "#missing"}
			}
		},
		{
			"from": [1, 0.5, 1.5],
			"to": [2, 9.5, 14.5],
			"rotation": {"angle": 0, "axis": "y", "origin": [8, 4.05, 8]},
			"color": 0,
			"faces": {
				"north": {"uv": [0, 0, 1, 9], "texture": "#missing"},
				"east": {"uv": [0, 0, 13, 9], "texture": "#missing"},
				"south": {"uv": [0, 0, 1, 9], "texture": "#missing"},
				"west": {"uv": [0, 0, 13, 9], "texture": "#missing"},
				"up": {"uv": [0, 0, 1, 13], "texture": "#missing"},
				"down": {"uv": [0, 0, 1, 13], "texture": "#missing"}
			}
		},
		{
			"from": [14, 0.5, 1.5],
			"to": [15, 9.5, 14.5],
			"rotation": {"angle": 0, "axis": "y", "origin": [8, 4.05, 8]},
			"color": 0,
			"faces": {
				"north": {"uv": [0, 0, 1, 9], "texture": "#missing"},
				"east": {"uv": [0, 0, 13, 9], "texture": "#missing"},
				"south": {"uv": [0, 0, 1, 9], "texture": "#missing"},
				"west": {"uv": [0, 0, 13, 9], "texture": "#missing"},
				"up": {"uv": [0, 0, 1, 13], "texture": "#missing"},
				"down": {"uv": [0, 0, 1, 13], "texture": "#missing"}
			}
		}
	],
	"display": {
		"thirdperson_righthand": {
			"scale": [0.45, 0.45, 0.45]
		},
		"thirdperson_lefthand": {
			"scale": [0.45, 0.45, 0.45]
		},
		"firstperson_righthand": {
			"rotation": [35, 0, 0],
			"translation": [0, 4.75, 1.75],
			"scale": [0.6, 0.6, 0.6]
		},
		"firstperson_lefthand": {
			"rotation": [35, 0, 0],
			"translation": [0, 4.75, 0],
			"scale": [0.6, 0.6, 0.6]
		},
		"ground": {
			"scale": [0.45, 0.45, 0.45]
		},
		"gui": {
			"rotation": [20, -140, 0],
			"translation": [0, 1.25, 0],
			"scale": [0.65, 0.65, 0.65]
		},
		"head": {
			"translation": [0, 4.25, 0]
		},
		"fixed": {
			"translation": [0, 4.25, 0]
		}
	},
	"groups": [
		{
			"name": "top",
			"origin": [8, 8, 8],
			"children": [0, 1]
		},
		{
			"name": "bottom",
			"origin": [8, 8, 8],
			"children": [2, 3, 4, 5, 6]
		}
	]
}