{
	"credit": "Made with Blockbench",
	"texture_size": [32, 32],
	"textures": {
		"0": "mod create/texture 1",
		"1": "mod create/texture 2",
		"2": "mod create/texture 3",
		"particle": "mod create/texture 1"
	},
	"elements": [
		{
			"from": [7, 11.3, 9],
			"to": [9, 12.8, 17],
			"rotation": {"angle": 0, "axis": "y", "origin": [8, 8.54, 13]},
			"faces": {
				"north": {"uv": [4, 0, 5, 1], "texture": "#2"},
				"east": {"uv": [0, 0, 4, 1], "texture": "#2"},
				"south": {"uv": [4, 1, 5, 2], "texture": "#2"},
				"west": {"uv": [0, 1, 4, 2], "texture": "#2"},
				"up": {"uv": [1, 6, 0, 2], "texture": "#2"},
				"down": {"uv": [2, 2, 1, 6], "texture": "#2"}
			}
		},
		{
			"from": [7, 4.4, 9],
			"to": [9, 5.9, 17],
			"rotation": {"angle": 0, "axis": "y", "origin": [8, 8.54, 13]},
			"faces": {
				"north": {"uv": [5, 0, 6, 1], "texture": "#2"},
				"east": {"uv": [2, 2, 6, 3], "texture": "#2"},
				"south": {"uv": [5, 1, 6, 2], "texture": "#2"},
				"west": {"uv": [2, 3, 6, 4], "texture": "#2"},
				"up": {"uv": [3, 8, 2, 4], "texture": "#2"},
				"down": {"uv": [4, 4, 3, 8], "texture": "#2"}
			}
		},
		{
			"from": [7.5, 8, 9],
			"to": [8.5, 9, 17],
			"rotation": {"angle": 0, "axis": "y", "origin": [8, 8.54, 13]},
			"faces": {
				"north": {"uv": [7.5, 2, 8, 2.5], "texture": "#2"},
				"east": {"uv": [6, 3.5, 10, 4], "texture": "#2"},
				"south": {"uv": [7.5, 2.5, 8, 3], "texture": "#2"},
				"west": {"uv": [6, 4, 10, 4.5], "texture": "#2"},
				"up": {"uv": [1.5, 10, 1, 6], "texture": "#2"},
				"down": {"uv": [2, 6, 1.5, 10], "texture": "#2"}
			}
		},
		{
			"from": [7, 5, 8],
			"to": [9, 12, 9],
			"rotation": {"angle": 0, "axis": "y", "origin": [8, 8.54, 13]},
			"faces": {
				"north": {"uv": [4, 4, 5, 7.5], "texture": "#2"},
				"east": {"uv": [6, 4.5, 6.5, 8], "texture": "#2"},
				"south": {"uv": [5, 4, 6, 7.5], "texture": "#2"},
				"west": {"uv": [6.5, 4.5, 7, 8], "texture": "#2"},
				"up": {"uv": [8.5, 0.5, 7.5, 0], "texture": "#2"},
				"down": {"uv": [8.5, 0.5, 7.5, 1], "texture": "#2"}
			}
		},
		{
			"from": [7, 5, 17],
			"to": [9, 12, 18],
			"rotation": {"angle": 0, "axis": "y", "origin": [8, 8.54, 13]},
			"faces": {
				"north": {"uv": [0, 6, 1, 9.5], "texture": "#2"},
				"east": {"uv": [7, 0, 7.5, 3.5], "texture": "#2"},
				"south": {"uv": [6, 0, 7, 3.5], "texture": "#2"},
				"west": {"uv": [7, 4.5, 7.5, 8], "texture": "#2"},
				"up": {"uv": [8.5, 1.5, 7.5, 1], "texture": "#2"},
				"down": {"uv": [8.5, 1.5, 7.5, 2], "texture": "#2"}
			}
		},
		{
			"from": [7, 8, -14.8],
			"to": [9, 10, 8.2],
			"rotation": {"angle": 0, "axis": "y", "origin": [8, 9.75, -8.4]},
			"faces": {
				"north": {"uv": [2, 2, 3, 3], "texture": "#1"},
				"east": {"uv": [0, 0, 11.5, 1], "texture": "#1"},
				"south": {"uv": [2, 3, 3, 4], "texture": "#1"},
				"west": {"uv": [0, 1, 11.5, 2], "texture": "#1"},
				"up": {"uv": [1, 13.5, 0, 2], "texture": "#1"},
				"down": {"uv": [2, 2, 1, 13.5], "texture": "#1"}
			}
		},
		{
			"from": [7.5, 10, -14],
			"to": [8.5, 11, -13],
			"rotation": {"angle": 0, "axis": "y", "origin": [8, 9.75, -8.4]},
			"faces": {
				"north": {"uv": [3, 2, 3.5, 2.5], "texture": "#1"},
				"east": {"uv": [3, 2.5, 3.5, 3], "texture": "#1"},
				"south": {"uv": [3, 3, 3.5, 3.5], "texture": "#1"},
				"west": {"uv": [3.5, 2, 4, 2.5], "texture": "#1"},
				"up": {"uv": [4, 3, 3.5, 2.5], "texture": "#1"},
				"down": {"uv": [3.5, 3.5, 3, 4], "texture": "#1"}
			}
		},
		{
			"from": [7.6, 6, -14.3],
			"to": [8.6, 9, -13.3],
			"rotation": {"angle": 0, "axis": "y", "origin": [8.08125, 7.35, -11.425]},
			"faces": {
				"north": {"uv": [0, 0, 1, 3], "texture": "#0"},
				"east": {"uv": [1, 0, 2, 3], "texture": "#0"},
				"south": {"uv": [2, 0, 3, 3], "texture": "#0"},
				"west": {"uv": [0, 3, 1, 6], "texture": "#0"},
				"up": {"uv": [1, 7, 0, 6], "texture": "#0"},
				"down": {"uv": [7, 0, 6, 1], "texture": "#0"}
			}
		},
		{
			"from": [7.6, 6, -10.3],
			"to": [8.6, 9, -9.3],
			"rotation": {"angle": 0, "axis": "y", "origin": [8.08125, 7.35, -11.425]},
			"faces": {
				"north": {"uv": [3, 0, 4, 3], "texture": "#0"},
				"east": {"uv": [1, 3, 2, 6], "texture": "#0"},
				"south": {"uv": [2, 3, 3, 6], "texture": "#0"},
				"west": {"uv": [3, 3, 4, 6], "texture": "#0"},
				"up": {"uv": [2, 7, 1, 6], "texture": "#0"},
				"down": {"uv": [7, 1, 6, 2], "texture": "#0"}
			}
		},
		{
			"from": [7.6, 6, -12.3],
			"to": [8.6, 9, -11.3],
			"rotation": {"angle": 0, "axis": "y", "origin": [8.08125, 7.35, -11.425]},
			"faces": {
				"north": {"uv": [4, 0, 5, 3], "texture": "#0"},
				"east": {"uv": [4, 3, 5, 6], "texture": "#0"},
				"south": {"uv": [5, 0, 6, 3], "texture": "#0"},
				"west": {"uv": [5, 3, 6, 6], "texture": "#0"},
				"up": {"uv": [3, 7, 2, 6], "texture": "#0"},
				"down": {"uv": [7, 2, 6, 3], "texture": "#0"}
			}
		},
		{
			"from": [7.6, 7, -11.3],
			"to": [8.6, 8, -10.3],
			"rotation": {"angle": 0, "axis": "y", "origin": [8.08125, 7.35, -11.425]},
			"faces": {
				"north": {"uv": [3, 6, 4, 7], "texture": "#0"},
				"east": {"uv": [6, 3, 7, 4], "texture": "#0"},
				"south": {"uv": [4, 6, 5, 7], "texture": "#0"},
				"west": {"uv": [6, 4, 7, 5], "texture": "#0"},
				"up": {"uv": [6, 7, 5, 6], "texture": "#0"},
				"down": {"uv": [7, 5, 6, 6], "texture": "#0"}
			}
		},
		{
			"from": [7.8, 6.6, -11.3],
			"to": [8.3, 7.1, -10.3],
			"rotation": {"angle": 0, "axis": "y", "origin": [8.08125, 7.35, -11.425]},
			"faces": {
				"north": {"uv": [6, 6, 7, 7], "texture": "#0"},
				"east": {"uv": [0, 7, 1, 8], "texture": "#0"},
				"south": {"uv": [7, 0, 8, 1], "texture": "#0"},
				"west": {"uv": [1, 7, 2, 8], "texture": "#0"},
				"up": {"uv": [8, 2, 7, 1], "texture": "#0"},
				"down": {"uv": [3, 7, 2, 8], "texture": "#0"}
			}
		},
		{
			"from": [7.8, 7.1, -9.3],
			"to": [8.3, 8.1, -8.3],
			"rotation": {"angle": 0, "axis": "y", "origin": [8.08125, 7.35, -11.425]},
			"faces": {
				"north": {"uv": [7, 2, 8, 3], "texture": "#0"},
				"east": {"uv": [3, 7, 4, 8], "texture": "#0"},
				"south": {"uv": [7, 3, 8, 4], "texture": "#0"},
				"west": {"uv": [4, 7, 5, 8], "texture": "#0"},
				"up": {"uv": [8, 5, 7, 4], "texture": "#0"},
				"down": {"uv": [6, 7, 5, 8], "texture": "#0"}
			}
		},
		{
			"from": [7.8, 6.6, -13.3],
			"to": [8.3, 7.1, -12.3],
			"rotation": {"angle": 0, "axis": "y", "origin": [8.08125, 7.35, -11.425]},
			"faces": {
				"north": {"uv": [7, 5, 8, 6], "texture": "#0"},
				"east": {"uv": [6, 7, 7, 8], "texture": "#0"},
				"south": {"uv": [7, 6, 8, 7], "texture": "#0"},
				"west": {"uv": [7, 7, 8, 8], "texture": "#0"},
				"up": {"uv": [1, 9, 0, 8], "texture": "#0"},
				"down": {"uv": [9, 0, 8, 1], "texture": "#0"}
			}
		},
		{
			"from": [7.6, 7, -13.3],
			"to": [8.6, 8, -12.3],
			"rotation": {"angle": 0, "axis": "y", "origin": [8.08125, 7.35, -11.425]},
			"faces": {
				"north": {"uv": [1, 8, 2, 9], "texture": "#0"},
				"east": {"uv": [8, 1, 9, 2], "texture": "#0"},
				"south": {"uv": [2, 8, 3, 9], "texture": "#0"},
				"west": {"uv": [8, 2, 9, 3], "texture": "#0"},
				"up": {"uv": [4, 9, 3, 8], "texture": "#0"},
				"down": {"uv": [9, 3, 8, 4], "texture": "#0"}
			}
		}
	],
	"display": {
		"thirdperson_righthand": {
			"translation": [0, -2.75, -4.25]
		},
		"thirdperson_lefthand": {
			"translation": [0, -2.5, -5.25]
		},
		"firstperson_righthand": {
			"rotation": [0, 45, 0]
		},
		"firstperson_lefthand": {
			"rotation": [0, 45, 0]
		},
		"ground": {
			"rotation": [0, 0, 90],
			"translation": [0, 0.5, 0]
		},
		"gui": {
			"rotation": [90, 40, 90],
			"translation": [2.25, -2, 0],
			"scale": [0.6, 0.6, 0.6]
		},
		"head": {
			"translation": [0, 10.75, -5.5]
		},
		"fixed": {
			"rotation": [90, 0, 90],
			"translation": [0, -2.5, 0],
			"scale": [0.5, 0.5, 0.5]
		}
	},
	"groups": [
		{
			"name": "handle",
			"origin": [8, 8, 8],
			"children": [0, 1, 2, 3, 4]
		},
		{
			"name": "blade 1",
			"origin": [8, 8, 8],
			"children": [5, 6]
		},
		{
			"name": "blade 2",
			"origin": [8, 8, 8],
			"children": [7, 8, 9, 10, 11, 12, 13, 14]
		}
	]
}