{
	"credit": "Made with Blockbench",
	"elements": [
		{
			"from": [1, 0, 1],
			"to": [15, 1, 15],
			"color": 3,
			"faces": {
				"north": {"uv": [0, 0, 14, 1], "texture": "#missing"},
				"east": {"uv": [0, 0, 14, 1], "texture": "#missing"},
				"south": {"uv": [0, 0, 14, 1], "texture": "#missing"},
				"west": {"uv": [0, 0, 14, 1], "texture": "#missing"},
				"up": {"uv": [0, 0, 14, 14], "texture": "#missing"},
				"down": {"uv": [0, 0, 14, 14], "texture": "#missing"}
			}
		},
		{
			"from": [1, 1, 0],
			"to": [15, 10, 1],
			"color": 6,
			"faces": {
				"north": {"uv": [0, 0, 14, 9], "texture": "#missing"},
				"east": {"uv": [0, 0, 1, 9], "texture": "#missing"},
				"south": {"uv": [0, 0, 14, 9], "texture": "#missing"},
				"west": {"uv": [0, 0, 1, 9], "texture": "#missing"},
				"up": {"uv": [0, 0, 14, 1], "texture": "#missing"},
				"down": {"uv": [0, 0, 14, 1], "texture": "#missing"}
			}
		},
		{
			"from": [1, 1, 15],
			"to": [15, 10, 16],
			"color": 6,
			"faces": {
				"north": {"uv": [0, 0, 14, 9], "texture": "#missing"},
				"east": {"uv": [0, 0, 1, 9], "texture": "#missing"},
				"south": {"uv": [0, 0, 14, 9], "texture": "#missing"},
				"west": {"uv": [0, 0, 1, 9], "texture": "#missing"},
				"up": {"uv": [0, 0, 14, 1], "texture": "#missing"},
				"down": {"uv": [0, 0, 14, 1], "texture": "#missing"}
			}
		},
		{
			"from": [0, 1, 1],
			"to": [1, 10, 15],
			"color": 0,
			"faces": {
				"north": {"uv": [0, 0, 1, 9], "texture": "#missing"},
				"east": {"uv": [0, 0, 14, 9], "texture": "#missing"},
				"south": {"uv": [0, 0, 1, 9], "texture": "#missing"},
				"west": {"uv": [0, 0, 14, 9], "texture": "#missing"},
				"up": {"uv": [0, 0, 1, 14], "texture": "#missing"},
				"down": {"uv": [0, 0, 1, 14], "texture": "#missing"}
			}
		},
		{
			"from": [15, 1, 1],
			"to": [16, 10, 15],
			"color": 0,
			"faces": {
				"north": {"uv": [0, 0, 1, 9], "texture": "#missing"},
				"east": {"uv": [0, 0, 14, 9], "texture": "#missing"},
				"south": {"uv": [0, 0, 1, 9], "texture": "#missing"},
				"west": {"uv": [0, 0, 14, 9], "texture": "#missing"},
				"up": {"uv": [0, 0, 1, 14], "texture": "#missing"},
				"down": {"uv": [0, 0, 1, 14], "texture": "#missing"}
			}
		},
		{
			"from": [1, 10, 1],
			"to": [15, 15, 2],
			"color": 3,
			"faces": {
				"north": {"uv": [0, 0, 14, 5], "texture": "#missing"},
				"east": {"uv": [0, 0, 1, 5], "texture": "#missing"},
				"south": {"uv": [0, 0, 14, 5], "texture": "#missing"},
				"west": {"uv": [0, 0, 1, 5], "texture": "#missing"},
				"up": {"uv": [0, 0, 14, 1], "texture": "#missing"},
				"down": {"uv": [0, 0, 14, 1], "texture": "#missing"}
			}
		},
		{
			"from": [1, 10, 14],
			"to": [15, 15, 15],
			"color": 3,
			"faces": {
				"north": {"uv": [0, 0, 14, 5], "texture": "#missing"},
				"east": {"uv": [0, 0, 1, 5], "texture": "#missing"},
				"south": {"uv": [0, 0, 14, 5], "texture": "#missing"},
				"west": {"uv": [0, 0, 1, 5], "texture": "#missing"},
				"up": {"uv": [0, 0, 14, 1], "texture": "#missing"},
				"down": {"uv": [0, 0, 14, 1], "texture": "#missing"}
			}
		},
		{
			"from": [1, 10, 2],
			"to": [2, 15, 14],
			"color": 4,
			"faces": {
				"north": {"uv": [0, 0, 1, 5], "texture": "#missing"},
				"east": {"uv": [0, 0, 12, 5], "texture": "#missing"},
				"south": {"uv": [0, 0, 1, 5], "texture": "#missing"},
				"west": {"uv": [0, 0, 12, 5], "texture": "#missing"},
				"up": {"uv": [0, 0, 1, 12], "texture": "#missing"},
				"down": {"uv": [0, 0, 1, 12], "texture": "#missing"}
			}
		},
		{
			"from": [14, 10, 2],
			"to": [15, 15, 14],
			"color": 4,
			"faces": {
				"north": {"uv": [0, 0, 1, 5], "texture": "#missing"},
				"east": {"uv": [0, 0, 12, 5], "texture": "#missing"},
				"south": {"uv": [0, 0, 1, 5], "texture": "#missing"},
				"west": {"uv": [0, 0, 12, 5], "texture": "#missing"},
				"up": {"uv": [0, 0, 1, 12], "texture": "#missing"},
				"down": {"uv": [0, 0, 1, 12], "texture": "#missing"}
			}
		},
		{
			"from": [2, 15, 2],
			"to": [3, 21, 14],
			"color": 4,
			"faces": {
				"north": {"uv": [0, 0, 1, 6], "texture": "#missing"},
				"east": {"uv": [0, 0, 12, 6], "texture": "#missing"},
				"south": {"uv": [0, 0, 1, 6], "texture": "#missing"},
				"west": {"uv": [0, 0, 12, 6], "texture": "#missing"},
				"up": {"uv": [0, 0, 1, 12], "texture": "#missing"},
				"down": {"uv": [0, 0, 1, 12], "texture": "#missing"}
			}
		},
		{
			"from": [13, 15, 2],
			"to": [14, 21, 14],
			"color": 4,
			"faces": {
				"north": {"uv": [0, 0, 1, 6], "texture": "#missing"},
				"east": {"uv": [0, 0, 12, 6], "texture": "#missing"},
				"south": {"uv": [0, 0, 1, 6], "texture": "#missing"},
				"west": {"uv": [0, 0, 12, 6], "texture": "#missing"},
				"up": {"uv": [0, 0, 1, 12], "texture": "#missing"},
				"down": {"uv": [0, 0, 1, 12], "texture": "#missing"}
			}
		},
		{
			"from": [3, 15, 2],
			"to": [13, 21, 3],
			"color": 3,
			"faces": {
				"north": {"uv": [0, 0, 10, 6], "texture": "#missing"},
				"east": {"uv": [0, 0, 1, 6], "texture": "#missing"},
				"south": {"uv": [0, 0, 10, 6], "texture": "#missing"},
				"west": {"uv": [0, 0, 1, 6], "texture": "#missing"},
				"up": {"uv": [0, 0, 10, 1], "texture": "#missing"},
				"down": {"uv": [0, 0, 10, 1], "texture": "#missing"}
			}
		},
		{
			"from": [3, 15, 13],
			"to": [13, 21, 14],
			"color": 3,
			"faces": {
				"north": {"uv": [0, 0, 10, 6], "texture": "#missing"},
				"east": {"uv": [0, 0, 1, 6], "texture": "#missing"},
				"south": {"uv": [0, 0, 10, 6], "texture": "#missing"},
				"west": {"uv": [0, 0, 1, 6], "texture": "#missing"},
				"up": {"uv": [0, 0, 10, 1], "texture": "#missing"},
				"down": {"uv": [0, 0, 10, 1], "texture": "#missing"}
			}
		},
		{
			"from": [0, 20, 0],
			"to": [16, 22, 16],
			"color": 1,
			"faces": {
				"north": {"uv": [0, 0, 16, 2], "texture": "#missing"},
				"east": {"uv": [0, 0, 16, 2], "texture": "#missing"},
				"south": {"uv": [0, 0, 16, 2], "texture": "#missing"},
				"west": {"uv": [0, 0, 16, 2], "texture": "#missing"},
				"up": {"uv": [0, 0, 16, 16], "texture": "#missing"},
				"down": {"uv": [0, 0, 16, 16], "texture": "#missing"}
			}
		}
	],
	"display": {
		"thirdperson_righthand": {
			"scale": [0.35, 0.35, 0.35]
		},
		"thirdperson_lefthand": {
			"scale": [0.35, 0.35, 0.35]
		},
		"firstperson_righthand": {
			"scale": [0.55, 0.55, 0.55]
		},
		"firstperson_lefthand": {
			"scale": [0.55, 0.55, 0.55]
		},
		"ground": {
			"translation": [0, 2, 0],
			"scale": [0.65, 0.65, 0.65]
		},
		"gui": {
			"rotation": [25, 35, 0],
			"translation": [0, -1.75, 0],
			"scale": [0.5, 0.5, 0.5]
		},
		"head": {
			"translation": [0, 7.75, 0],
			"scale": [0.55, 0.55, 0.55]
		},
		"fixed": {
			"translation": [0, -1.5, 0],
			"scale": [0.7, 0.7, 0.7]
		}
	},
	"groups": [
		{
			"name": "bottom",
			"origin": [8, 8, 8],
			"children": [0, 1, 2, 3, 4, 5, 6, 7, 8, 9, 10, 11, 12]
		},
		{
			"name": "top",
			"origin": [8, 8, 8],
			"children": [13]
		}
	]
}