{
	"credit": "Made with Blockbench",
	"texture_size": [128, 128],
	"textures": {
		"0": "mod create/texture",
		"particle": "mod create/texture"
	},
	"elements": [
		{
			"from": [0, 0, 0],
			"to": [16, 2, 2],
			"rotation": {"angle": 0, "axis": "y", "origin": [7.74143, 10.73879, 5.72727]},
			"faces": {
				"north": {"uv": [6.625, 4.75, 8.625, 5], "texture": "#0"},
				"east": {"uv": [8.625, 4.75, 8.875, 5], "texture": "#0"},
				"south": {"uv": [6.625, 5, 8.625, 5.25], "texture": "#0"},
				"west": {"uv": [8.625, 5, 8.875, 5.25], "texture": "#0"},
				"up": {"uv": [3.5, 7, 1.5, 6.75], "texture": "#0"},
				"down": {"uv": [5.5, 6.75, 3.5, 7], "texture": "#0"}
			}
		},
		{
			"from": [2, 0, 14],
			"to": [14, 2, 16],
			"rotation": {"angle": 0, "axis": "y", "origin": [7.74143, 10.73879, 5.72727]},
			"faces": {
				"north": {"uv": [7.25, 1.25, 8.75, 1.5], "texture": "#0"},
				"east": {"uv": [8.75, 0, 9, 0.25], "texture": "#0"},
				"south": {"uv": [7.375, 5.25, 8.875, 5.5], "texture": "#0"},
				"west": {"uv": [8.75, 1.25, 9, 1.5], "texture": "#0"},
				"up": {"uv": [8.875, 5.75, 7.375, 5.5], "texture": "#0"},
				"down": {"uv": [8.875, 5.75, 7.375, 6], "texture": "#0"}
			}
		},
		{
			"from": [3, 8, 13],
			"to": [13, 10, 15],
			"rotation": {"angle": 0, "axis": "y", "origin": [7.74143, 10.73879, 5.72727]},
			"faces": {
				"north": {"uv": [7.875, 1, 9.125, 1.25], "texture": "#0"},
				"east": {"uv": [8.75, 3.625, 9, 3.875], "texture": "#0"},
				"south": {"uv": [7.875, 6.25, 9.125, 6.5], "texture": "#0"},
				"west": {"uv": [8.75, 3.875, 9, 4.125], "texture": "#0"},
				"up": {"uv": [9.125, 6.75, 7.875, 6.5], "texture": "#0"},
				"down": {"uv": [9.125, 6.75, 7.875, 7], "texture": "#0"}
			}
		},
		{
			"from": [1, 0, 2],
			"to": [3, 2, 14],
			"rotation": {"angle": 0, "axis": "y", "origin": [7.74143, 10.73879, 5.72727]},
			"faces": {
				"north": {"uv": [8.75, 7, 9, 7.25], "texture": "#0"},
				"east": {"uv": [6.125, 7.5, 7.625, 7.75], "texture": "#0"},
				"south": {"uv": [8.75, 7.25, 9, 7.5], "texture": "#0"},
				"west": {"uv": [1.5, 7.625, 3, 7.875], "texture": "#0"},
				"up": {"uv": [5.125, 9.125, 4.875, 7.625], "texture": "#0"},
				"down": {"uv": [5.375, 7.625, 5.125, 9.125], "texture": "#0"}
			}
		},
		{
			"from": [1, 8, 2],
			"to": [3, 10, 14],
			"rotation": {"angle": 0, "axis": "y", "origin": [7.74143, 10.73879, 5.72727]},
			"faces": {
				"north": {"uv": [8.75, 7.5, 9, 7.75], "texture": "#0"},
				"east": {"uv": [7.625, 1.875, 9.125, 2.125], "texture": "#0"},
				"south": {"uv": [8.375, 8.75, 8.625, 9], "texture": "#0"},
				"west": {"uv": [7.625, 2.125, 9.125, 2.375], "texture": "#0"},
				"up": {"uv": [5.625, 9.125, 5.375, 7.625], "texture": "#0"},
				"down": {"uv": [5.875, 7.625, 5.625, 9.125], "texture": "#0"}
			}
		},
		{
			"from": [13, 0, 2],
			"to": [15, 2, 14],
			"rotation": {"angle": 0, "axis": "y", "origin": [7.74143, 10.73879, 5.72727]},
			"faces": {
				"north": {"uv": [8.75, 8.375, 9, 8.625], "texture": "#0"},
				"east": {"uv": [7.625, 2.375, 9.125, 2.625], "texture": "#0"},
				"south": {"uv": [8.75, 8.625, 9, 8.875], "texture": "#0"},
				"west": {"uv": [7.625, 6, 9.125, 6.25], "texture": "#0"},
				"up": {"uv": [6.125, 9.125, 5.875, 7.625], "texture": "#0"},
				"down": {"uv": [7.875, 6.25, 7.625, 7.75], "texture": "#0"}
			}
		},
		{
			"from": [13, 8, 2],
			"to": [15, 10, 14],
			"rotation": {"angle": 0, "axis": "y", "origin": [7.74143, 10.73879, 5.72727]},
			"faces": {
				"north": {"uv": [8.875, 0.25, 9.125, 0.5], "texture": "#0"},
				"east": {"uv": [7.75, 1.5, 9.25, 1.75], "texture": "#0"},
				"south": {"uv": [0.5, 8.875, 0.75, 9.125], "texture": "#0"},
				"west": {"uv": [7.75, 2.625, 9.25, 2.875], "texture": "#0"},
				"up": {"uv": [6.375, 9.25, 6.125, 7.75], "texture": "#0"},
				"down": {"uv": [6.625, 7.75, 6.375, 9.25], "texture": "#0"}
			}
		},
		{
			"from": [3, 0, 2],
			"to": [13, 1, 14],
			"rotation": {"angle": 0, "axis": "y", "origin": [7.74143, 10.73879, 5.72727]},
			"faces": {
				"north": {"uv": [3.125, 5.5, 4.375, 5.625], "texture": "#0"},
				"east": {"uv": [5.875, 5.625, 7.375, 5.75], "texture": "#0"},
				"south": {"uv": [8.125, 7.75, 9.375, 7.875], "texture": "#0"},
				"west": {"uv": [8, 4.25, 9.5, 4.375], "texture": "#0"},
				"up": {"uv": [3.125, 4.25, 1.875, 2.75], "texture": "#0"},
				"down": {"uv": [1.25, 3, 0, 4.5], "texture": "#0"}
			}
		},
		{
			"from": [2, 2, 14],
			"to": [14, 8, 15],
			"rotation": {"angle": 0, "axis": "y", "origin": [7.74143, 10.73879, 5.72727]},
			"faces": {
				"north": {"uv": [5, 0, 6.5, 0.75], "texture": "#0"},
				"east": {"uv": [3.875, 8.25, 4, 9], "texture": "#0"},
				"south": {"uv": [5, 0.75, 6.5, 1.5], "texture": "#0"},
				"west": {"uv": [4, 8.25, 4.125, 9], "texture": "#0"},
				"up": {"uv": [9.5, 4.5, 8, 4.375], "texture": "#0"},
				"down": {"uv": [9.5, 4.5, 8, 4.625], "texture": "#0"}
			}
		},
		{
			"from": [0, 1, 2],
			"to": [2, 9, 14],
			"rotation": {"angle": 0, "axis": "y", "origin": [7.74143, 10.73879, 5.72727]},
			"faces": {
				"north": {"uv": [2.5, 7.875, 2.75, 8.875], "texture": "#0"},
				"east": {"uv": [1.25, 4.25, 2.75, 5.25], "texture": "#0"},
				"south": {"uv": [2.75, 7.875, 3, 8.875], "texture": "#0"},
				"west": {"uv": [4.375, 2.75, 5.875, 3.75], "texture": "#0"},
				"up": {"uv": [6.875, 9.25, 6.625, 7.75], "texture": "#0"},
				"down": {"uv": [7.125, 7.75, 6.875, 9.25], "texture": "#0"}
			}
		},
		{
			"from": [14, 1, 2],
			"to": [16, 9, 14],
			"rotation": {"angle": 0, "axis": "y", "origin": [7.74143, 10.73879, 5.72727]},
			"faces": {
				"north": {"uv": [0, 8.125, 0.25, 9.125], "texture": "#0"},
				"east": {"uv": [4.375, 3.75, 5.875, 4.75], "texture": "#0"},
				"south": {"uv": [0.25, 8.125, 0.5, 9.125], "texture": "#0"},
				"west": {"uv": [4.375, 4.75, 5.875, 5.75], "texture": "#0"},
				"up": {"uv": [7.375, 9.25, 7.125, 7.75], "texture": "#0"},
				"down": {"uv": [7.625, 7.75, 7.375, 9.25], "texture": "#0"}
			}
		},
		{
			"from": [1, 7, -2],
			"to": [7, 13, 4],
			"rotation": {"angle": 0, "axis": "y", "origin": [7.74143, 10.73879, 5.72727]},
			"faces": {
				"north": {"uv": [5.875, 3, 6.625, 3.75], "texture": "#0"},
				"east": {"uv": [5.875, 3.75, 6.625, 4.5], "texture": "#0"},
				"south": {"uv": [5.875, 4.5, 6.625, 5.25], "texture": "#0"},
				"west": {"uv": [0, 6, 0.75, 6.75], "texture": "#0"},
				"up": {"uv": [1.5, 6.75, 0.75, 6], "texture": "#0"},
				"down": {"uv": [2.25, 6, 1.5, 6.75], "texture": "#0"}
			}
		},
		{
			"from": [8, 7, -2],
			"to": [14, 13, 4],
			"rotation": {"angle": 0, "axis": "y", "origin": [7.74143, 10.73879, 5.72727]},
			"faces": {
				"north": {"uv": [2.25, 6, 3, 6.75], "texture": "#0"},
				"east": {"uv": [3, 6, 3.75, 6.75], "texture": "#0"},
				"south": {"uv": [5.5, 6.125, 6.25, 6.875], "texture": "#0"},
				"west": {"uv": [6.25, 6.125, 7, 6.875], "texture": "#0"},
				"up": {"uv": [7.25, 0.75, 6.5, 0], "texture": "#0"},
				"down": {"uv": [7.25, 0.75, 6.5, 1.5], "texture": "#0"}
			}
		},
		{
			"from": [5, 7, 0],
			"to": [10, 13, 4],
			"rotation": {"angle": 0, "axis": "y", "origin": [7.74143, 10.73879, 5.72727]},
			"faces": {
				"north": {"uv": [1.25, 3, 1.875, 3.75], "texture": "#0"},
				"east": {"uv": [0.75, 4.5, 1.25, 5.25], "texture": "#0"},
				"south": {"uv": [5.5, 6.875, 6.125, 7.625], "texture": "#0"},
				"west": {"uv": [7.625, 7.75, 8.125, 8.5], "texture": "#0"},
				"up": {"uv": [1.875, 4.25, 1.25, 3.75], "texture": "#0"},
				"down": {"uv": [2.5, 7.875, 1.875, 8.375], "texture": "#0"}
			}
		},
		{
			"from": [2, 2, 0],
			"to": [4, 5, 2],
			"rotation": {"angle": 0, "axis": "y", "origin": [7.74143, 10.73879, 5.72727]},
			"faces": {
				"north": {"uv": [8.375, 8.375, 8.625, 8.75], "texture": "#0"},
				"east": {"uv": [8.5, 0, 8.75, 0.375], "texture": "#0"},
				"south": {"uv": [0.5, 8.5, 0.75, 8.875], "texture": "#0"},
				"west": {"uv": [0.75, 8.5, 1, 8.875], "texture": "#0"},
				"up": {"uv": [9.125, 0.75, 8.875, 0.5], "texture": "#0"},
				"down": {"uv": [1, 8.875, 0.75, 9.125], "texture": "#0"}
			}
		},
		{
			"from": [5, 4, 0],
			"to": [7, 7, 2],
			"rotation": {"angle": 0, "axis": "y", "origin": [7.74143, 10.73879, 5.72727]},
			"faces": {
				"north": {"uv": [1, 8.5, 1.25, 8.875], "texture": "#0"},
				"east": {"uv": [1.25, 8.5, 1.5, 8.875], "texture": "#0"},
				"south": {"uv": [3.375, 8.5, 3.625, 8.875], "texture": "#0"},
				"west": {"uv": [3.625, 8.5, 3.875, 8.875], "texture": "#0"},
				"up": {"uv": [1.25, 9.125, 1, 8.875], "texture": "#0"},
				"down": {"uv": [1.5, 8.875, 1.25, 9.125], "texture": "#0"}
			}
		},
		{
			"from": [8, 4, 0],
			"to": [10, 7, 2],
			"rotation": {"angle": 0, "axis": "y", "origin": [7.74143, 10.73879, 5.72727]},
			"faces": {
				"north": {"uv": [4.125, 8.5, 4.375, 8.875], "texture": "#0"},
				"east": {"uv": [4.375, 8.5, 4.625, 8.875], "texture": "#0"},
				"south": {"uv": [7.625, 8.5, 7.875, 8.875], "texture": "#0"},
				"west": {"uv": [7.875, 8.5, 8.125, 8.875], "texture": "#0"},
				"up": {"uv": [1.75, 9.125, 1.5, 8.875], "texture": "#0"},
				"down": {"uv": [2.75, 8.875, 2.5, 9.125], "texture": "#0"}
			}
		},
		{
			"from": [11, 2, 0],
			"to": [13, 5, 2],
			"rotation": {"angle": 0, "axis": "y", "origin": [7.74143, 10.73879, 5.72727]},
			"faces": {
				"north": {"uv": [8.125, 8.5, 8.375, 8.875], "texture": "#0"},
				"east": {"uv": [8.625, 0.375, 8.875, 0.75], "texture": "#0"},
				"south": {"uv": [1.875, 8.625, 2.125, 9], "texture": "#0"},
				"west": {"uv": [2.125, 8.625, 2.375, 9], "texture": "#0"},
				"up": {"uv": [3, 9.125, 2.75, 8.875], "texture": "#0"},
				"down": {"uv": [9.125, 3, 8.875, 3.25], "texture": "#0"}
			}
		},
		{
			"from": [5, 10, -4],
			"to": [11, 15, 1],
			"rotation": {"angle": 0, "axis": "y", "origin": [7.74143, 10.73879, 5.72727]},
			"faces": {
				"north": {"uv": [6.125, 6.875, 6.875, 7.5], "texture": "#0"},
				"east": {"uv": [4.875, 7, 5.5, 7.625], "texture": "#0"},
				"south": {"uv": [6.875, 6.875, 7.625, 7.5], "texture": "#0"},
				"west": {"uv": [7, 6.125, 7.625, 6.75], "texture": "#0"},
				"up": {"uv": [2.25, 7.625, 1.5, 7], "texture": "#0"},
				"down": {"uv": [3, 7, 2.25, 7.625], "texture": "#0"}
			}
		},
		{
			"from": [1, 14, 3],
			"to": [6, 19, 4],
			"rotation": {"angle": 0, "axis": "y", "origin": [7.74143, 10.73879, 5.72727]},
			"faces": {
				"north": {"uv": [7.25, 0, 7.875, 0.625], "texture": "#0"},
				"east": {"uv": [2.375, 8.375, 2.5, 9], "texture": "#0"},
				"south": {"uv": [7.25, 0.625, 7.875, 1.25], "texture": "#0"},
				"west": {"uv": [3, 8.625, 3.125, 9.25], "texture": "#0"},
				"up": {"uv": [5.625, 2.75, 5, 2.625], "texture": "#0"},
				"down": {"uv": [7.625, 6.75, 7, 6.875], "texture": "#0"}
			}
		},
		{
			"from": [10, 14, 3],
			"to": [15, 19, 4],
			"rotation": {"angle": 0, "axis": "y", "origin": [7.74143, 10.73879, 5.72727]},
			"faces": {
				"north": {"uv": [7.375, 3.375, 8, 4], "texture": "#0"},
				"east": {"uv": [3.125, 8.625, 3.25, 9.25], "texture": "#0"},
				"south": {"uv": [7.375, 4, 8, 4.625], "texture": "#0"},
				"west": {"uv": [3.25, 8.625, 3.375, 9.25], "texture": "#0"},
				"up": {"uv": [9.25, 0.875, 8.625, 0.75], "texture": "#0"},
				"down": {"uv": [9.25, 0.875, 8.625, 1], "texture": "#0"}
			}
		},
		{
			"from": [-2, 10, 4],
			"to": [1, 21, 14],
			"rotation": {"angle": 0, "axis": "y", "origin": [7.74143, 10.73879, 5.72727]},
			"faces": {
				"north": {"uv": [2.75, 4.25, 3.125, 5.625], "texture": "#0"},
				"east": {"uv": [3.125, 2.75, 4.375, 4.125], "texture": "#0"},
				"south": {"uv": [6.625, 3.375, 7, 4.75], "texture": "#0"},
				"west": {"uv": [3.75, 0, 5, 1.375], "texture": "#0"},
				"up": {"uv": [3.375, 8.25, 3, 7], "texture": "#0"},
				"down": {"uv": [3.75, 7, 3.375, 8.25], "texture": "#0"}
			}
		},
		{
			"from": [14, 10, 4],
			"to": [17, 21, 14],
			"rotation": {"angle": 0, "axis": "y", "origin": [7.74143, 10.73879, 5.72727]},
			"faces": {
				"north": {"uv": [0, 6.75, 0.375, 8.125], "texture": "#0"},
				"east": {"uv": [3.75, 1.375, 5, 2.75], "texture": "#0"},
				"south": {"uv": [0.375, 6.75, 0.75, 8.125], "texture": "#0"},
				"west": {"uv": [3.125, 4.125, 4.375, 5.5], "texture": "#0"},
				"up": {"uv": [7.375, 4.625, 7, 3.375], "texture": "#0"},
				"down": {"uv": [4.125, 7, 3.75, 8.25], "texture": "#0"}
			}
		},
		{
			"from": [0, 13, 1],
			"to": [16, 14, 4],
			"rotation": {"angle": 0, "axis": "y", "origin": [7.74143, 10.73879, 5.72727]},
			"faces": {
				"north": {"uv": [7, 4.625, 9, 4.75], "texture": "#0"},
				"east": {"uv": [4, 5.625, 4.375, 5.75], "texture": "#0"},
				"south": {"uv": [7.75, 1.75, 9.75, 1.875], "texture": "#0"},
				"west": {"uv": [8.875, 3.5, 9.25, 3.625], "texture": "#0"},
				"up": {"uv": [2.75, 5.625, 0.75, 5.25], "texture": "#0"},
				"down": {"uv": [2, 5.625, 0, 6], "texture": "#0"}
			}
		},
		{
			"from": [0, 19, 1],
			"to": [16, 20, 4],
			"rotation": {"angle": 0, "axis": "y", "origin": [7.74143, 10.73879, 5.72727]},
			"faces": {
				"north": {"uv": [7.75, 2.875, 9.75, 3], "texture": "#0"},
				"east": {"uv": [4.125, 8.875, 4.5, 9], "texture": "#0"},
				"south": {"uv": [8, 4.125, 10, 4.25], "texture": "#0"},
				"west": {"uv": [8.875, 4.75, 9.25, 4.875], "texture": "#0"},
				"up": {"uv": [4, 6, 2, 5.625], "texture": "#0"},
				"down": {"uv": [7.75, 1.5, 5.75, 1.875], "texture": "#0"}
			}
		},
		{
			"from": [0, 14, 2],
			"to": [1, 19, 4],
			"rotation": {"angle": 0, "axis": "y", "origin": [7.74143, 10.73879, 5.72727]},
			"faces": {
				"north": {"uv": [8.625, 7, 8.75, 7.625], "texture": "#0"},
				"east": {"uv": [3.75, 6, 4, 6.625], "texture": "#0"},
				"south": {"uv": [8.625, 8.375, 8.75, 9], "texture": "#0"},
				"west": {"uv": [4.625, 8.125, 4.875, 8.75], "texture": "#0"},
				"up": {"uv": [8.625, 0.625, 8.5, 0.375], "texture": "#0"},
				"down": {"uv": [8.75, 3, 8.625, 3.25], "texture": "#0"}
			}
		},
		{
			"from": [6, 14, 0],
			"to": [10, 17, 3],
			"rotation": {"angle": 0, "axis": "y", "origin": [7.74143, 10.73879, 5.72727]},
			"faces": {
				"north": {"uv": [0.5, 8.125, 1, 8.5], "texture": "#0"},
				"east": {"uv": [8.25, 0.625, 8.625, 1], "texture": "#0"},
				"south": {"uv": [1, 8.125, 1.5, 8.5], "texture": "#0"},
				"west": {"uv": [3, 8.25, 3.375, 8.625], "texture": "#0"},
				"up": {"uv": [8.625, 3.375, 8.125, 3], "texture": "#0"},
				"down": {"uv": [4.625, 8.125, 4.125, 8.5], "texture": "#0"}
			}
		},
		{
			"from": [15, 14, 2],
			"to": [16, 19, 4],
			"rotation": {"angle": 0, "axis": "y", "origin": [7.74143, 10.73879, 5.72727]},
			"faces": {
				"north": {"uv": [8.75, 3, 8.875, 3.625], "texture": "#0"},
				"east": {"uv": [8.125, 7.875, 8.375, 8.5], "texture": "#0"},
				"south": {"uv": [4.625, 8.75, 4.75, 9.375], "texture": "#0"},
				"west": {"uv": [8.25, 0, 8.5, 0.625], "texture": "#0"},
				"up": {"uv": [4.875, 9, 4.75, 8.75], "texture": "#0"},
				"down": {"uv": [1.875, 8.875, 1.75, 9.125], "texture": "#0"}
			}
		},
		{
			"from": [6, 17, 1],
			"to": [10, 19, 3],
			"rotation": {"angle": 0, "axis": "y", "origin": [7.74143, 10.73879, 5.72727]},
			"faces": {
				"north": {"uv": [3.375, 8.25, 3.875, 8.5], "texture": "#0"},
				"east": {"uv": [8.875, 3.25, 9.125, 3.5], "texture": "#0"},
				"south": {"uv": [1.875, 8.375, 2.375, 8.625], "texture": "#0"},
				"west": {"uv": [3.375, 8.875, 3.625, 9.125], "texture": "#0"},
				"up": {"uv": [8.875, 8.125, 8.375, 7.875], "texture": "#0"},
				"down": {"uv": [8.875, 8.125, 8.375, 8.375], "texture": "#0"}
			}
		},
		{
			"from": [0, 10, 14],
			"to": [15, 21, 17],
			"rotation": {"angle": 0, "axis": "y", "origin": [7.74143, 10.73879, 5.72727]},
			"faces": {
				"north": {"uv": [1.875, 0, 3.75, 1.375], "texture": "#0"},
				"east": {"uv": [0.75, 6.75, 1.125, 8.125], "texture": "#0"},
				"south": {"uv": [1.875, 1.375, 3.75, 2.75], "texture": "#0"},
				"west": {"uv": [1.125, 6.75, 1.5, 8.125], "texture": "#0"},
				"up": {"uv": [7.625, 2.25, 5.75, 1.875], "texture": "#0"},
				"down": {"uv": [7.625, 2.25, 5.75, 2.625], "texture": "#0"}
			}
		},
		{
			"from": [0, 20, 3],
			"to": [15, 23, 15],
			"rotation": {"angle": 0, "axis": "y", "origin": [7.74143, 10.73879, 5.72727]},
			"faces": {
				"north": {"uv": [5.5, 5.75, 7.375, 6.125], "texture": "#0"},
				"east": {"uv": [5.875, 5.25, 7.375, 5.625], "texture": "#0"},
				"south": {"uv": [5.875, 2.625, 7.75, 3], "texture": "#0"},
				"west": {"uv": [6.625, 3, 8.125, 3.375], "texture": "#0"},
				"up": {"uv": [1.875, 1.5, 0, 0], "texture": "#0"},
				"down": {"uv": [1.875, 1.5, 0, 3], "texture": "#0"}
			}
		},
		{
			"from": [1.47972, 22.77996, 8],
			"to": [7.47972, 31.77996, 11],
			"rotation": {"angle": 22.5, "axis": "z", "origin": [7.74143, 10.73879, 5.72727]},
			"faces": {
				"north": {"uv": [0, 4.5, 0.75, 5.625], "texture": "#0"},
				"east": {"uv": [4.125, 7, 4.5, 8.125], "texture": "#0"},
				"south": {"uv": [5, 1.5, 5.75, 2.625], "texture": "#0"},
				"west": {"uv": [4.5, 7, 4.875, 8.125], "texture": "#0"},
				"up": {"uv": [8.625, 7.375, 7.875, 7], "texture": "#0"},
				"down": {"uv": [8.625, 7.375, 7.875, 7.75], "texture": "#0"}
			}
		},
		{
			"from": [6.69884, 20.85493, 7],
			"to": [12.69884, 28.85493, 10],
			"rotation": {"angle": -22.5, "axis": "z", "origin": [7.74143, 10.73879, 5.72727], "rescale": true},
			"faces": {
				"north": {"uv": [4, 5.75, 4.75, 6.75], "texture": "#0"},
				"east": {"uv": [7.875, 0, 8.25, 1], "texture": "#0"},
				"south": {"uv": [4.75, 5.75, 5.5, 6.75], "texture": "#0"},
				"west": {"uv": [1.5, 7.875, 1.875, 8.875], "texture": "#0"},
				"up": {"uv": [8.75, 3.75, 8, 3.375], "texture": "#0"},
				"down": {"uv": [8.75, 3.75, 8, 4.125], "texture": "#0"}
			}
		}
	],
	"display": {
		"thirdperson_righthand": {
			"translation": [0, -1, 0],
			"scale": [0.45, 0.45, 0.45]
		},
		"thirdperson_lefthand": {
			"translation": [0, -1.5, 1.75],
			"scale": [0.45, 0.45, 0.45]
		},
		"firstperson_righthand": {
			"translation": [0, 1.25, 0],
			"scale": [0.2, 0.2, 0.2]
		},
		"firstperson_lefthand": {
			"scale": [0.2, 0.2, 0.2]
		},
		"ground": {
			"scale": [0.5, 0.5, 0.5]
		},
		"gui": {
			"rotation": [0, -180, 0],
			"translation": [0, -2.5, 0],
			"scale": [0.4, 0.4, 0.4]
		},
		"head": {
			"translation": [0, 1, -0.75],
			"scale": [1.15, 1.15, 1.15]
		},
		"fixed": {
			"translation": [0, -4.5, -0.5],
			"scale": [0.7, 0.7, 0.7]
		}
	},
	"groups": [
		{
			"name": "shadow freddy head",
			"origin": [8, 8, 8],
			"children": [0, 1, 2, 3, 4, 5, 6, 7, 8, 9, 10, 11, 12, 13, 14, 15, 16, 17, 18, 19, 20, 21, 22, 23, 24, 25, 26, 27, 28, 29, 30, 31, 32]
		}
	]
}